2026-01-19 10:03:38,518 - mcp.server.lowlevel.server - DEBUG - [server.py:162] - Initializing server 'UnrealMCP_Advanced'
2026-01-19 10:03:38,518 - mcp.server.lowlevel.server - DEBUG - [server.py:432] - Registering handler for ListToolsRequest
2026-01-19 10:03:38,518 - mcp.server.lowlevel.server - DEBUG - [server.py:512] - Registering handler for CallToolRequest
2026-01-19 10:03:38,519 - mcp.server.lowlevel.server - DEBUG - [server.py:301] - Registering handler for ListResourcesRequest
2026-01-19 10:03:38,519 - mcp.server.lowlevel.server - DEBUG - [server.py:336] - Registering handler for ReadResourceRequest
2026-01-19 10:03:38,519 - mcp.server.lowlevel.server - DEBUG - [server.py:263] - Registering handler for PromptListRequest
2026-01-19 10:03:38,519 - mcp.server.lowlevel.server - DEBUG - [server.py:285] - Registering handler for GetPromptRequest
2026-01-19 10:03:38,519 - mcp.server.lowlevel.server - DEBUG - [server.py:321] - Registering handler for ListResourceTemplatesRequest
2026-01-19 10:03:38,616 - UnrealMCP_Advanced - INFO - [unreal_mcp_server_advanced.py:2795] - Starting Advanced MCP server with stdio transport
2026-01-19 10:03:38,621 - asyncio - DEBUG - [proactor_events.py:633] - Using proactor: IocpProactor
2026-01-19 10:03:38,625 - UnrealMCP_Advanced - INFO - [unreal_mcp_server_advanced.py:434] - UnrealMCP Advanced server starting up
2026-01-19 10:03:38,625 - UnrealMCP_Advanced - INFO - [unreal_mcp_server_advanced.py:435] - Connection will be established lazily on first tool call
2026-01-19 10:03:57,845 - mcp.server.lowlevel.server - DEBUG - [server.py:668] - Received message: 1 validation error for JSONRPCMessage
  Invalid JSON: EOF while parsing a value at line 2 column 0 [type=json_invalid, input_value='\n', input_type=str]
    For further information visit https://errors.pydantic.dev/2.12/v/json_invalid
2026-01-19 10:03:57,845 - mcp.server.lowlevel.server - ERROR - [server.py:693] - Received exception from stream: 1 validation error for JSONRPCMessage
  Invalid JSON: EOF while parsing a value at line 2 column 0 [type=json_invalid, input_value='\n', input_type=str]
    For further information visit https://errors.pydantic.dev/2.12/v/json_invalid
2026-01-19 10:04:01,685 - mcp.server.lowlevel.server - DEBUG - [server.py:668] - Received message: 1 validation error for JSONRPCMessage
  Invalid JSON: EOF while parsing a value at line 2 column 0 [type=json_invalid, input_value='\n', input_type=str]
    For further information visit https://errors.pydantic.dev/2.12/v/json_invalid
2026-01-19 10:04:01,685 - mcp.server.lowlevel.server - ERROR - [server.py:693] - Received exception from stream: 1 validation error for JSONRPCMessage
  Invalid JSON: EOF while parsing a value at line 2 column 0 [type=json_invalid, input_value='\n', input_type=str]
    For further information visit https://errors.pydantic.dev/2.12/v/json_invalid
2026-01-19 10:04:34,765 - mcp.server.lowlevel.server - DEBUG - [server.py:162] - Initializing server 'UnrealMCP_Advanced'
2026-01-19 10:04:34,765 - mcp.server.lowlevel.server - DEBUG - [server.py:432] - Registering handler for ListToolsRequest
2026-01-19 10:04:34,765 - mcp.server.lowlevel.server - DEBUG - [server.py:512] - Registering handler for CallToolRequest
2026-01-19 10:04:34,765 - mcp.server.lowlevel.server - DEBUG - [server.py:301] - Registering handler for ListResourcesRequest
2026-01-19 10:04:34,765 - mcp.server.lowlevel.server - DEBUG - [server.py:336] - Registering handler for ReadResourceRequest
2026-01-19 10:04:34,765 - mcp.server.lowlevel.server - DEBUG - [server.py:263] - Registering handler for PromptListRequest
2026-01-19 10:04:34,766 - mcp.server.lowlevel.server - DEBUG - [server.py:285] - Registering handler for GetPromptRequest
2026-01-19 10:04:34,766 - mcp.server.lowlevel.server - DEBUG - [server.py:321] - Registering handler for ListResourceTemplatesRequest
2026-01-19 10:04:34,848 - UnrealMCP_Advanced - INFO - [unreal_mcp_server_advanced.py:2795] - Starting Advanced MCP server with stdio transport
2026-01-19 10:04:34,860 - asyncio - DEBUG - [proactor_events.py:633] - Using proactor: IocpProactor
2026-01-19 10:04:34,864 - UnrealMCP_Advanced - INFO - [unreal_mcp_server_advanced.py:434] - UnrealMCP Advanced server starting up
2026-01-19 10:04:34,864 - UnrealMCP_Advanced - INFO - [unreal_mcp_server_advanced.py:435] - Connection will be established lazily on first tool call
2026-01-19 10:04:43,969 - mcp.server.lowlevel.server - DEBUG - [server.py:162] - Initializing server 'UnrealMCP_Advanced'
2026-01-19 10:04:43,969 - mcp.server.lowlevel.server - DEBUG - [server.py:432] - Registering handler for ListToolsRequest
2026-01-19 10:04:43,969 - mcp.server.lowlevel.server - DEBUG - [server.py:512] - Registering handler for CallToolRequest
2026-01-19 10:04:43,969 - mcp.server.lowlevel.server - DEBUG - [server.py:301] - Registering handler for ListResourcesRequest
2026-01-19 10:04:43,969 - mcp.server.lowlevel.server - DEBUG - [server.py:336] - Registering handler for ReadResourceRequest
2026-01-19 10:04:43,969 - mcp.server.lowlevel.server - DEBUG - [server.py:263] - Registering handler for PromptListRequest
2026-01-19 10:04:43,969 - mcp.server.lowlevel.server - DEBUG - [server.py:285] - Registering handler for GetPromptRequest
2026-01-19 10:04:43,969 - mcp.server.lowlevel.server - DEBUG - [server.py:321] - Registering handler for ListResourceTemplatesRequest
2026-01-19 10:04:44,055 - UnrealMCP_Advanced - INFO - [unreal_mcp_server_advanced.py:2795] - Starting Advanced MCP server with stdio transport
2026-01-19 10:04:44,068 - asyncio - DEBUG - [proactor_events.py:633] - Using proactor: IocpProactor
2026-01-19 10:04:44,072 - UnrealMCP_Advanced - INFO - [unreal_mcp_server_advanced.py:434] - UnrealMCP Advanced server starting up
2026-01-19 10:04:44,072 - UnrealMCP_Advanced - INFO - [unreal_mcp_server_advanced.py:435] - Connection will be established lazily on first tool call
2026-01-19 10:08:17,950 - mcp.server.lowlevel.server - DEBUG - [server.py:668] - Received message: 1 validation error for JSONRPCMessage
  Invalid JSON: EOF while parsing a value at line 2 column 0 [type=json_invalid, input_value='\n', input_type=str]
    For further information visit https://errors.pydantic.dev/2.12/v/json_invalid
2026-01-19 10:08:17,950 - mcp.server.lowlevel.server - ERROR - [server.py:693] - Received exception from stream: 1 validation error for JSONRPCMessage
  Invalid JSON: EOF while parsing a value at line 2 column 0 [type=json_invalid, input_value='\n', input_type=str]
    For further information visit https://errors.pydantic.dev/2.12/v/json_invalid
2026-01-19 10:16:06,238 - mcp.server.lowlevel.server - DEBUG - [server.py:668] - Received message: 11 validation errors for JSONRPCMessage
JSONRPCRequest.method
  Field required [type=missing, input_value={}, input_type=dict]
    For further information visit https://errors.pydantic.dev/2.12/v/missing
JSONRPCRequest.jsonrpc
  Field required [type=missing, input_value={}, input_type=dict]
    For further information visit https://errors.pydantic.dev/2.12/v/missing
JSONRPCRequest.id
  Field required [type=missing, input_value={}, input_type=dict]
    For further information visit https://errors.pydantic.dev/2.12/v/missing
JSONRPCNotification.method
  Field required [type=missing, input_value={}, input_type=dict]
    For further information visit https://errors.pydantic.dev/2.12/v/missing
JSONRPCNotification.jsonrpc
  Field required [type=missing, input_value={}, input_type=dict]
    For further information visit https://errors.pydantic.dev/2.12/v/missing
JSONRPCResponse.jsonrpc
  Field required [type=missing, input_value={}, input_type=dict]
    For further information visit https://errors.pydantic.dev/2.12/v/missing
JSONRPCResponse.id
  Field required [type=missing, input_value={}, input_type=dict]
    For further information visit https://errors.pydantic.dev/2.12/v/missing
JSONRPCResponse.result
  Field required [type=missing, input_value={}, input_type=dict]
    For further information visit https://errors.pydantic.dev/2.12/v/missing
JSONRPCError.jsonrpc
  Field required [type=missing, input_value={}, input_type=dict]
    For further information visit https://errors.pydantic.dev/2.12/v/missing
JSONRPCError.id
  Field required [type=missing, input_value={}, input_type=dict]
    For further information visit https://errors.pydantic.dev/2.12/v/missing
JSONRPCError.error
  Field required [type=missing, input_value={}, input_type=dict]
    For further information visit https://errors.pydantic.dev/2.12/v/missing
2026-01-19 10:16:06,238 - mcp.server.lowlevel.server - ERROR - [server.py:693] - Received exception from stream: 11 validation errors for JSONRPCMessage
JSONRPCRequest.method
  Field required [type=missing, input_value={}, input_type=dict]
    For further information visit https://errors.pydantic.dev/2.12/v/missing
JSONRPCRequest.jsonrpc
  Field required [type=missing, input_value={}, input_type=dict]
    For further information visit https://errors.pydantic.dev/2.12/v/missing
JSONRPCRequest.id
  Field required [type=missing, input_value={}, input_type=dict]
    For further information visit https://errors.pydantic.dev/2.12/v/missing
JSONRPCNotification.method
  Field required [type=missing, input_value={}, input_type=dict]
    For further information visit https://errors.pydantic.dev/2.12/v/missing
JSONRPCNotification.jsonrpc
  Field required [type=missing, input_value={}, input_type=dict]
    For further information visit https://errors.pydantic.dev/2.12/v/missing
JSONRPCResponse.jsonrpc
  Field required [type=missing, input_value={}, input_type=dict]
    For further information visit https://errors.pydantic.dev/2.12/v/missing
JSONRPCResponse.id
  Field required [type=missing, input_value={}, input_type=dict]
    For further information visit https://errors.pydantic.dev/2.12/v/missing
JSONRPCResponse.result
  Field required [type=missing, input_value={}, input_type=dict]
    For further information visit https://errors.pydantic.dev/2.12/v/missing
JSONRPCError.jsonrpc
  Field required [type=missing, input_value={}, input_type=dict]
    For further information visit https://errors.pydantic.dev/2.12/v/missing
JSONRPCError.id
  Field required [type=missing, input_value={}, input_type=dict]
    For further information visit https://errors.pydantic.dev/2.12/v/missing
JSONRPCError.error
  Field required [type=missing, input_value={}, input_type=dict]
    For further information visit https://errors.pydantic.dev/2.12/v/missing
2026-01-19 10:16:06,573 - mcp.server.lowlevel.server - DEBUG - [server.py:668] - Received message: 1 validation error for JSONRPCMessage
  Invalid JSON: EOF while parsing a value at line 2 column 0 [type=json_invalid, input_value='\n', input_type=str]
    For further information visit https://errors.pydantic.dev/2.12/v/json_invalid
2026-01-19 10:16:06,574 - mcp.server.lowlevel.server - ERROR - [server.py:693] - Received exception from stream: 1 validation error for JSONRPCMessage
  Invalid JSON: EOF while parsing a value at line 2 column 0 [type=json_invalid, input_value='\n', input_type=str]
    For further information visit https://errors.pydantic.dev/2.12/v/json_invalid
2026-01-19 10:16:06,846 - mcp.server.lowlevel.server - DEBUG - [server.py:668] - Received message: 1 validation error for JSONRPCMessage
  Invalid JSON: EOF while parsing a value at line 2 column 0 [type=json_invalid, input_value='\n', input_type=str]
    For further information visit https://errors.pydantic.dev/2.12/v/json_invalid
2026-01-19 10:16:06,846 - mcp.server.lowlevel.server - ERROR - [server.py:693] - Received exception from stream: 1 validation error for JSONRPCMessage
  Invalid JSON: EOF while parsing a value at line 2 column 0 [type=json_invalid, input_value='\n', input_type=str]
    For further information visit https://errors.pydantic.dev/2.12/v/json_invalid
2026-01-19 10:16:07,150 - mcp.server.lowlevel.server - DEBUG - [server.py:668] - Received message: 1 validation error for JSONRPCMessage
  Invalid JSON: EOF while parsing a value at line 2 column 0 [type=json_invalid, input_value='\n', input_type=str]
    For further information visit https://errors.pydantic.dev/2.12/v/json_invalid
2026-01-19 10:16:07,150 - mcp.server.lowlevel.server - ERROR - [server.py:693] - Received exception from stream: 1 validation error for JSONRPCMessage
  Invalid JSON: EOF while parsing a value at line 2 column 0 [type=json_invalid, input_value='\n', input_type=str]
    For further information visit https://errors.pydantic.dev/2.12/v/json_invalid
2026-01-19 10:16:57,796 - mcp.server.lowlevel.server - DEBUG - [server.py:162] - Initializing server 'UnrealMCP_Advanced'
2026-01-19 10:16:57,796 - mcp.server.lowlevel.server - DEBUG - [server.py:432] - Registering handler for ListToolsRequest
2026-01-19 10:16:57,796 - mcp.server.lowlevel.server - DEBUG - [server.py:512] - Registering handler for CallToolRequest
2026-01-19 10:16:57,797 - mcp.server.lowlevel.server - DEBUG - [server.py:301] - Registering handler for ListResourcesRequest
2026-01-19 10:16:57,797 - mcp.server.lowlevel.server - DEBUG - [server.py:336] - Registering handler for ReadResourceRequest
2026-01-19 10:16:57,797 - mcp.server.lowlevel.server - DEBUG - [server.py:263] - Registering handler for PromptListRequest
2026-01-19 10:16:57,797 - mcp.server.lowlevel.server - DEBUG - [server.py:285] - Registering handler for GetPromptRequest
2026-01-19 10:16:57,797 - mcp.server.lowlevel.server - DEBUG - [server.py:321] - Registering handler for ListResourceTemplatesRequest
2026-01-19 10:16:57,881 - UnrealMCP_Advanced - INFO - [unreal_mcp_server_advanced.py:2795] - Starting Advanced MCP server with stdio transport
2026-01-19 10:16:57,893 - asyncio - DEBUG - [proactor_events.py:633] - Using proactor: IocpProactor
2026-01-19 10:16:57,897 - UnrealMCP_Advanced - INFO - [unreal_mcp_server_advanced.py:434] - UnrealMCP Advanced server starting up
2026-01-19 10:16:57,897 - UnrealMCP_Advanced - INFO - [unreal_mcp_server_advanced.py:435] - Connection will be established lazily on first tool call
2026-01-19 10:16:58,140 - mcp.server.lowlevel.server - DEBUG - [server.py:668] - Received message: 1 validation error for JSONRPCMessage
  Invalid JSON: EOF while parsing a value at line 2 column 0 [type=json_invalid, input_value='\n', input_type=str]
    For further information visit https://errors.pydantic.dev/2.12/v/json_invalid
2026-01-19 10:16:58,141 - mcp.server.lowlevel.server - ERROR - [server.py:693] - Received exception from stream: 1 validation error for JSONRPCMessage
  Invalid JSON: EOF while parsing a value at line 2 column 0 [type=json_invalid, input_value='\n', input_type=str]
    For further information visit https://errors.pydantic.dev/2.12/v/json_invalid
2026-01-19 10:17:38,038 - mcp.server.lowlevel.server - DEBUG - [server.py:668] - Received message: 1 validation error for JSONRPCMessage
  Invalid JSON: EOF while parsing a value at line 2 column 0 [type=json_invalid, input_value='\n', input_type=str]
    For further information visit https://errors.pydantic.dev/2.12/v/json_invalid
2026-01-19 10:17:38,038 - mcp.server.lowlevel.server - ERROR - [server.py:693] - Received exception from stream: 1 validation error for JSONRPCMessage
  Invalid JSON: EOF while parsing a value at line 2 column 0 [type=json_invalid, input_value='\n', input_type=str]
    For further information visit https://errors.pydantic.dev/2.12/v/json_invalid
2026-01-19 10:17:38,613 - mcp.server.lowlevel.server - DEBUG - [server.py:668] - Received message: 1 validation error for JSONRPCMessage
  Invalid JSON: EOF while parsing a value at line 2 column 0 [type=json_invalid, input_value='\n', input_type=str]
    For further information visit https://errors.pydantic.dev/2.12/v/json_invalid
2026-01-19 10:17:38,614 - mcp.server.lowlevel.server - ERROR - [server.py:693] - Received exception from stream: 1 validation error for JSONRPCMessage
  Invalid JSON: EOF while parsing a value at line 2 column 0 [type=json_invalid, input_value='\n', input_type=str]
    For further information visit https://errors.pydantic.dev/2.12/v/json_invalid
2026-01-19 10:17:38,750 - mcp.server.lowlevel.server - DEBUG - [server.py:668] - Received message: 1 validation error for JSONRPCMessage
  Invalid JSON: EOF while parsing a value at line 2 column 0 [type=json_invalid, input_value='\n', input_type=str]
    For further information visit https://errors.pydantic.dev/2.12/v/json_invalid
2026-01-19 10:17:38,750 - mcp.server.lowlevel.server - ERROR - [server.py:693] - Received exception from stream: 1 validation error for JSONRPCMessage
  Invalid JSON: EOF while parsing a value at line 2 column 0 [type=json_invalid, input_value='\n', input_type=str]
    For further information visit https://errors.pydantic.dev/2.12/v/json_invalid
2026-01-19 10:17:38,917 - mcp.server.lowlevel.server - DEBUG - [server.py:668] - Received message: 1 validation error for JSONRPCMessage
  Invalid JSON: EOF while parsing a value at line 2 column 0 [type=json_invalid, input_value='\n', input_type=str]
    For further information visit https://errors.pydantic.dev/2.12/v/json_invalid
2026-01-19 10:17:38,918 - mcp.server.lowlevel.server - ERROR - [server.py:693] - Received exception from stream: 1 validation error for JSONRPCMessage
  Invalid JSON: EOF while parsing a value at line 2 column 0 [type=json_invalid, input_value='\n', input_type=str]
    For further information visit https://errors.pydantic.dev/2.12/v/json_invalid
2026-01-19 10:17:39,021 - mcp.server.lowlevel.server - DEBUG - [server.py:668] - Received message: 1 validation error for JSONRPCMessage
  Invalid JSON: EOF while parsing a value at line 2 column 0 [type=json_invalid, input_value='\n', input_type=str]
    For further information visit https://errors.pydantic.dev/2.12/v/json_invalid
2026-01-19 10:17:39,021 - mcp.server.lowlevel.server - ERROR - [server.py:693] - Received exception from stream: 1 validation error for JSONRPCMessage
  Invalid JSON: EOF while parsing a value at line 2 column 0 [type=json_invalid, input_value='\n', input_type=str]
    For further information visit https://errors.pydantic.dev/2.12/v/json_invalid
2026-01-19 10:17:39,150 - mcp.server.lowlevel.server - DEBUG - [server.py:668] - Received message: 1 validation error for JSONRPCMessage
  Invalid JSON: EOF while parsing a value at line 2 column 0 [type=json_invalid, input_value='\n', input_type=str]
    For further information visit https://errors.pydantic.dev/2.12/v/json_invalid
2026-01-19 10:17:39,150 - mcp.server.lowlevel.server - ERROR - [server.py:693] - Received exception from stream: 1 validation error for JSONRPCMessage
  Invalid JSON: EOF while parsing a value at line 2 column 0 [type=json_invalid, input_value='\n', input_type=str]
    For further information visit https://errors.pydantic.dev/2.12/v/json_invalid
2026-01-19 10:17:39,269 - mcp.server.lowlevel.server - DEBUG - [server.py:668] - Received message: 1 validation error for JSONRPCMessage
  Invalid JSON: EOF while parsing a value at line 2 column 0 [type=json_invalid, input_value='\n', input_type=str]
    For further information visit https://errors.pydantic.dev/2.12/v/json_invalid
2026-01-19 10:17:39,270 - mcp.server.lowlevel.server - ERROR - [server.py:693] - Received exception from stream: 1 validation error for JSONRPCMessage
  Invalid JSON: EOF while parsing a value at line 2 column 0 [type=json_invalid, input_value='\n', input_type=str]
    For further information visit https://errors.pydantic.dev/2.12/v/json_invalid
2026-01-19 10:17:39,389 - mcp.server.lowlevel.server - DEBUG - [server.py:668] - Received message: 1 validation error for JSONRPCMessage
  Invalid JSON: EOF while parsing a value at line 2 column 0 [type=json_invalid, input_value='\n', input_type=str]
    For further information visit https://errors.pydantic.dev/2.12/v/json_invalid
2026-01-19 10:17:39,390 - mcp.server.lowlevel.server - ERROR - [server.py:693] - Received exception from stream: 1 validation error for JSONRPCMessage
  Invalid JSON: EOF while parsing a value at line 2 column 0 [type=json_invalid, input_value='\n', input_type=str]
    For further information visit https://errors.pydantic.dev/2.12/v/json_invalid
2026-01-19 10:17:39,605 - mcp.server.lowlevel.server - DEBUG - [server.py:668] - Received message: 1 validation error for JSONRPCMessage
  Invalid JSON: EOF while parsing a value at line 2 column 0 [type=json_invalid, input_value='\n', input_type=str]
    For further information visit https://errors.pydantic.dev/2.12/v/json_invalid
2026-01-19 10:17:39,606 - mcp.server.lowlevel.server - ERROR - [server.py:693] - Received exception from stream: 1 validation error for JSONRPCMessage
  Invalid JSON: EOF while parsing a value at line 2 column 0 [type=json_invalid, input_value='\n', input_type=str]
    For further information visit https://errors.pydantic.dev/2.12/v/json_invalid
2026-01-19 10:17:39,821 - mcp.server.lowlevel.server - DEBUG - [server.py:668] - Received message: 1 validation error for JSONRPCMessage
  Invalid JSON: EOF while parsing a value at line 2 column 0 [type=json_invalid, input_value='\n', input_type=str]
    For further information visit https://errors.pydantic.dev/2.12/v/json_invalid
2026-01-19 10:17:39,822 - mcp.server.lowlevel.server - ERROR - [server.py:693] - Received exception from stream: 1 validation error for JSONRPCMessage
  Invalid JSON: EOF while parsing a value at line 2 column 0 [type=json_invalid, input_value='\n', input_type=str]
    For further information visit https://errors.pydantic.dev/2.12/v/json_invalid
2026-01-19 10:17:40,045 - mcp.server.lowlevel.server - DEBUG - [server.py:668] - Received message: 1 validation error for JSONRPCMessage
  Invalid JSON: EOF while parsing a value at line 2 column 0 [type=json_invalid, input_value='\n', input_type=str]
    For further information visit https://errors.pydantic.dev/2.12/v/json_invalid
2026-01-19 10:17:40,045 - mcp.server.lowlevel.server - ERROR - [server.py:693] - Received exception from stream: 1 validation error for JSONRPCMessage
  Invalid JSON: EOF while parsing a value at line 2 column 0 [type=json_invalid, input_value='\n', input_type=str]
    For further information visit https://errors.pydantic.dev/2.12/v/json_invalid
2026-01-19 10:17:40,286 - mcp.server.lowlevel.server - DEBUG - [server.py:668] - Received message: 1 validation error for JSONRPCMessage
  Invalid JSON: EOF while parsing a value at line 2 column 0 [type=json_invalid, input_value='\n', input_type=str]
    For further information visit https://errors.pydantic.dev/2.12/v/json_invalid
2026-01-19 10:17:40,286 - mcp.server.lowlevel.server - ERROR - [server.py:693] - Received exception from stream: 1 validation error for JSONRPCMessage
  Invalid JSON: EOF while parsing a value at line 2 column 0 [type=json_invalid, input_value='\n', input_type=str]
    For further information visit https://errors.pydantic.dev/2.12/v/json_invalid
2026-01-19 10:17:40,982 - mcp.server.lowlevel.server - DEBUG - [server.py:668] - Received message: 4 validation errors for JSONRPCMessage
JSONRPCRequest
  Input should be an object [type=model_type, input_value=2, input_type=int]
    For further information visit https://errors.pydantic.dev/2.12/v/model_type
JSONRPCNotification
  Input should be an object [type=model_type, input_value=2, input_type=int]
    For further information visit https://errors.pydantic.dev/2.12/v/model_type
JSONRPCResponse
  Input should be an object [type=model_type, input_value=2, input_type=int]
    For further information visit https://errors.pydantic.dev/2.12/v/model_type
JSONRPCError
  Input should be an object [type=model_type, input_value=2, input_type=int]
    For further information visit https://errors.pydantic.dev/2.12/v/model_type
2026-01-19 10:17:40,982 - mcp.server.lowlevel.server - ERROR - [server.py:693] - Received exception from stream: 4 validation errors for JSONRPCMessage
JSONRPCRequest
  Input should be an object [type=model_type, input_value=2, input_type=int]
    For further information visit https://errors.pydantic.dev/2.12/v/model_type
JSONRPCNotification
  Input should be an object [type=model_type, input_value=2, input_type=int]
    For further information visit https://errors.pydantic.dev/2.12/v/model_type
JSONRPCResponse
  Input should be an object [type=model_type, input_value=2, input_type=int]
    For further information visit https://errors.pydantic.dev/2.12/v/model_type
JSONRPCError
  Input should be an object [type=model_type, input_value=2, input_type=int]
    For further information visit https://errors.pydantic.dev/2.12/v/model_type
2026-01-19 10:17:44,230 - mcp.server.lowlevel.server - DEBUG - [server.py:668] - Received message: 4 validation errors for JSONRPCMessage
JSONRPCRequest
  Input should be an object [type=model_type, input_value=222222222, input_type=int]
    For further information visit https://errors.pydantic.dev/2.12/v/model_type
JSONRPCNotification
  Input should be an object [type=model_type, input_value=222222222, input_type=int]
    For further information visit https://errors.pydantic.dev/2.12/v/model_type
JSONRPCResponse
  Input should be an object [type=model_type, input_value=222222222, input_type=int]
    For further information visit https://errors.pydantic.dev/2.12/v/model_type
JSONRPCError
  Input should be an object [type=model_type, input_value=222222222, input_type=int]
    For further information visit https://errors.pydantic.dev/2.12/v/model_type
2026-01-19 10:17:44,230 - mcp.server.lowlevel.server - ERROR - [server.py:693] - Received exception from stream: 4 validation errors for JSONRPCMessage
JSONRPCRequest
  Input should be an object [type=model_type, input_value=222222222, input_type=int]
    For further information visit https://errors.pydantic.dev/2.12/v/model_type
JSONRPCNotification
  Input should be an object [type=model_type, input_value=222222222, input_type=int]
    For further information visit https://errors.pydantic.dev/2.12/v/model_type
JSONRPCResponse
  Input should be an object [type=model_type, input_value=222222222, input_type=int]
    For further information visit https://errors.pydantic.dev/2.12/v/model_type
JSONRPCError
  Input should be an object [type=model_type, input_value=222222222, input_type=int]
    For further information visit https://errors.pydantic.dev/2.12/v/model_type
2026-01-19 10:17:45,869 - mcp.server.lowlevel.server - DEBUG - [server.py:668] - Received message: 4 validation errors for JSONRPCMessage
JSONRPCRequest
  Input should be an object [type=model_type, input_value=222, input_type=int]
    For further information visit https://errors.pydantic.dev/2.12/v/model_type
JSONRPCNotification
  Input should be an object [type=model_type, input_value=222, input_type=int]
    For further information visit https://errors.pydantic.dev/2.12/v/model_type
JSONRPCResponse
  Input should be an object [type=model_type, input_value=222, input_type=int]
    For further information visit https://errors.pydantic.dev/2.12/v/model_type
JSONRPCError
  Input should be an object [type=model_type, input_value=222, input_type=int]
    For further information visit https://errors.pydantic.dev/2.12/v/model_type
2026-01-19 10:17:45,870 - mcp.server.lowlevel.server - ERROR - [server.py:693] - Received exception from stream: 4 validation errors for JSONRPCMessage
JSONRPCRequest
  Input should be an object [type=model_type, input_value=222, input_type=int]
    For further information visit https://errors.pydantic.dev/2.12/v/model_type
JSONRPCNotification
  Input should be an object [type=model_type, input_value=222, input_type=int]
    For further information visit https://errors.pydantic.dev/2.12/v/model_type
JSONRPCResponse
  Input should be an object [type=model_type, input_value=222, input_type=int]
    For further information visit https://errors.pydantic.dev/2.12/v/model_type
JSONRPCError
  Input should be an object [type=model_type, input_value=222, input_type=int]
    For further information visit https://errors.pydantic.dev/2.12/v/model_type
2026-01-19 10:17:46,206 - mcp.server.lowlevel.server - DEBUG - [server.py:668] - Received message: 4 validation errors for JSONRPCMessage
JSONRPCRequest
  Input should be an object [type=model_type, input_value=2, input_type=int]
    For further information visit https://errors.pydantic.dev/2.12/v/model_type
JSONRPCNotification
  Input should be an object [type=model_type, input_value=2, input_type=int]
    For further information visit https://errors.pydantic.dev/2.12/v/model_type
JSONRPCResponse
  Input should be an object [type=model_type, input_value=2, input_type=int]
    For further information visit https://errors.pydantic.dev/2.12/v/model_type
JSONRPCError
  Input should be an object [type=model_type, input_value=2, input_type=int]
    For further information visit https://errors.pydantic.dev/2.12/v/model_type
2026-01-19 10:17:46,206 - mcp.server.lowlevel.server - ERROR - [server.py:693] - Received exception from stream: 4 validation errors for JSONRPCMessage
JSONRPCRequest
  Input should be an object [type=model_type, input_value=2, input_type=int]
    For further information visit https://errors.pydantic.dev/2.12/v/model_type
JSONRPCNotification
  Input should be an object [type=model_type, input_value=2, input_type=int]
    For further information visit https://errors.pydantic.dev/2.12/v/model_type
JSONRPCResponse
  Input should be an object [type=model_type, input_value=2, input_type=int]
    For further information visit https://errors.pydantic.dev/2.12/v/model_type
JSONRPCError
  Input should be an object [type=model_type, input_value=2, input_type=int]
    For further information visit https://errors.pydantic.dev/2.12/v/model_type
2026-01-19 10:17:46,470 - mcp.server.lowlevel.server - DEBUG - [server.py:668] - Received message: 4 validation errors for JSONRPCMessage
JSONRPCRequest
  Input should be an object [type=model_type, input_value=2, input_type=int]
    For further information visit https://errors.pydantic.dev/2.12/v/model_type
JSONRPCNotification
  Input should be an object [type=model_type, input_value=2, input_type=int]
    For further information visit https://errors.pydantic.dev/2.12/v/model_type
JSONRPCResponse
  Input should be an object [type=model_type, input_value=2, input_type=int]
    For further information visit https://errors.pydantic.dev/2.12/v/model_type
JSONRPCError
  Input should be an object [type=model_type, input_value=2, input_type=int]
    For further information visit https://errors.pydantic.dev/2.12/v/model_type
2026-01-19 10:17:46,470 - mcp.server.lowlevel.server - ERROR - [server.py:693] - Received exception from stream: 4 validation errors for JSONRPCMessage
JSONRPCRequest
  Input should be an object [type=model_type, input_value=2, input_type=int]
    For further information visit https://errors.pydantic.dev/2.12/v/model_type
JSONRPCNotification
  Input should be an object [type=model_type, input_value=2, input_type=int]
    For further information visit https://errors.pydantic.dev/2.12/v/model_type
JSONRPCResponse
  Input should be an object [type=model_type, input_value=2, input_type=int]
    For further information visit https://errors.pydantic.dev/2.12/v/model_type
JSONRPCError
  Input should be an object [type=model_type, input_value=2, input_type=int]
    For further information visit https://errors.pydantic.dev/2.12/v/model_type
2026-01-19 10:17:46,709 - mcp.server.lowlevel.server - DEBUG - [server.py:668] - Received message: 4 validation errors for JSONRPCMessage
JSONRPCRequest
  Input should be an object [type=model_type, input_value=2, input_type=int]
    For further information visit https://errors.pydantic.dev/2.12/v/model_type
JSONRPCNotification
  Input should be an object [type=model_type, input_value=2, input_type=int]
    For further information visit https://errors.pydantic.dev/2.12/v/model_type
JSONRPCResponse
  Input should be an object [type=model_type, input_value=2, input_type=int]
    For further information visit https://errors.pydantic.dev/2.12/v/model_type
JSONRPCError
  Input should be an object [type=model_type, input_value=2, input_type=int]
    For further information visit https://errors.pydantic.dev/2.12/v/model_type
2026-01-19 10:17:46,710 - mcp.server.lowlevel.server - ERROR - [server.py:693] - Received exception from stream: 4 validation errors for JSONRPCMessage
JSONRPCRequest
  Input should be an object [type=model_type, input_value=2, input_type=int]
    For further information visit https://errors.pydantic.dev/2.12/v/model_type
JSONRPCNotification
  Input should be an object [type=model_type, input_value=2, input_type=int]
    For further information visit https://errors.pydantic.dev/2.12/v/model_type
JSONRPCResponse
  Input should be an object [type=model_type, input_value=2, input_type=int]
    For further information visit https://errors.pydantic.dev/2.12/v/model_type
JSONRPCError
  Input should be an object [type=model_type, input_value=2, input_type=int]
    For further information visit https://errors.pydantic.dev/2.12/v/model_type
2026-01-19 10:17:46,941 - mcp.server.lowlevel.server - DEBUG - [server.py:668] - Received message: 4 validation errors for JSONRPCMessage
JSONRPCRequest
  Input should be an object [type=model_type, input_value=2, input_type=int]
    For further information visit https://errors.pydantic.dev/2.12/v/model_type
JSONRPCNotification
  Input should be an object [type=model_type, input_value=2, input_type=int]
    For further information visit https://errors.pydantic.dev/2.12/v/model_type
JSONRPCResponse
  Input should be an object [type=model_type, input_value=2, input_type=int]
    For further information visit https://errors.pydantic.dev/2.12/v/model_type
JSONRPCError
  Input should be an object [type=model_type, input_value=2, input_type=int]
    For further information visit https://errors.pydantic.dev/2.12/v/model_type
2026-01-19 10:17:46,941 - mcp.server.lowlevel.server - ERROR - [server.py:693] - Received exception from stream: 4 validation errors for JSONRPCMessage
JSONRPCRequest
  Input should be an object [type=model_type, input_value=2, input_type=int]
    For further information visit https://errors.pydantic.dev/2.12/v/model_type
JSONRPCNotification
  Input should be an object [type=model_type, input_value=2, input_type=int]
    For further information visit https://errors.pydantic.dev/2.12/v/model_type
JSONRPCResponse
  Input should be an object [type=model_type, input_value=2, input_type=int]
    For further information visit https://errors.pydantic.dev/2.12/v/model_type
JSONRPCError
  Input should be an object [type=model_type, input_value=2, input_type=int]
    For further information visit https://errors.pydantic.dev/2.12/v/model_type
2026-01-19 10:18:33,853 - mcp.server.lowlevel.server - DEBUG - [server.py:162] - Initializing server 'UnrealMCP_Advanced'
2026-01-19 10:18:33,853 - mcp.server.lowlevel.server - DEBUG - [server.py:432] - Registering handler for ListToolsRequest
2026-01-19 10:18:33,853 - mcp.server.lowlevel.server - DEBUG - [server.py:512] - Registering handler for CallToolRequest
2026-01-19 10:18:33,853 - mcp.server.lowlevel.server - DEBUG - [server.py:301] - Registering handler for ListResourcesRequest
2026-01-19 10:18:33,853 - mcp.server.lowlevel.server - DEBUG - [server.py:336] - Registering handler for ReadResourceRequest
2026-01-19 10:18:33,853 - mcp.server.lowlevel.server - DEBUG - [server.py:263] - Registering handler for PromptListRequest
2026-01-19 10:18:33,854 - mcp.server.lowlevel.server - DEBUG - [server.py:285] - Registering handler for GetPromptRequest
2026-01-19 10:18:33,854 - mcp.server.lowlevel.server - DEBUG - [server.py:321] - Registering handler for ListResourceTemplatesRequest
2026-01-19 10:18:33,941 - UnrealMCP_Advanced - INFO - [unreal_mcp_server_advanced.py:2795] - Starting Advanced MCP server with stdio transport
2026-01-19 10:18:33,954 - asyncio - DEBUG - [proactor_events.py:633] - Using proactor: IocpProactor
2026-01-19 10:18:33,957 - UnrealMCP_Advanced - INFO - [unreal_mcp_server_advanced.py:434] - UnrealMCP Advanced server starting up
2026-01-19 10:18:33,957 - UnrealMCP_Advanced - INFO - [unreal_mcp_server_advanced.py:435] - Connection will be established lazily on first tool call
2026-01-19 10:18:36,013 - mcp.server.lowlevel.server - DEBUG - [server.py:668] - Received message: 1 validation error for JSONRPCMessage
  Invalid JSON: expected value at line 1 column 1 [type=json_invalid, input_value='s\n', input_type=str]
    For further information visit https://errors.pydantic.dev/2.12/v/json_invalid
2026-01-19 10:18:36,013 - mcp.server.lowlevel.server - ERROR - [server.py:693] - Received exception from stream: 1 validation error for JSONRPCMessage
  Invalid JSON: expected value at line 1 column 1 [type=json_invalid, input_value='s\n', input_type=str]
    For further information visit https://errors.pydantic.dev/2.12/v/json_invalid
2026-01-19 10:18:36,685 - mcp.server.lowlevel.server - DEBUG - [server.py:668] - Received message: 1 validation error for JSONRPCMessage
  Invalid JSON: expected value at line 1 column 1 [type=json_invalid, input_value='s\n', input_type=str]
    For further information visit https://errors.pydantic.dev/2.12/v/json_invalid
2026-01-19 10:18:36,685 - mcp.server.lowlevel.server - ERROR - [server.py:693] - Received exception from stream: 1 validation error for JSONRPCMessage
  Invalid JSON: expected value at line 1 column 1 [type=json_invalid, input_value='s\n', input_type=str]
    For further information visit https://errors.pydantic.dev/2.12/v/json_invalid
2026-01-19 10:18:36,893 - mcp.server.lowlevel.server - DEBUG - [server.py:668] - Received message: 1 validation error for JSONRPCMessage
  Invalid JSON: expected value at line 1 column 1 [type=json_invalid, input_value='s\n', input_type=str]
    For further information visit https://errors.pydantic.dev/2.12/v/json_invalid
2026-01-19 10:18:36,893 - mcp.server.lowlevel.server - ERROR - [server.py:693] - Received exception from stream: 1 validation error for JSONRPCMessage
  Invalid JSON: expected value at line 1 column 1 [type=json_invalid, input_value='s\n', input_type=str]
    For further information visit https://errors.pydantic.dev/2.12/v/json_invalid
2026-01-19 10:18:37,077 - mcp.server.lowlevel.server - DEBUG - [server.py:668] - Received message: 1 validation error for JSONRPCMessage
  Invalid JSON: expected value at line 1 column 1 [type=json_invalid, input_value='s\n', input_type=str]
    For further information visit https://errors.pydantic.dev/2.12/v/json_invalid
2026-01-19 10:18:37,077 - mcp.server.lowlevel.server - ERROR - [server.py:693] - Received exception from stream: 1 validation error for JSONRPCMessage
  Invalid JSON: expected value at line 1 column 1 [type=json_invalid, input_value='s\n', input_type=str]
    For further information visit https://errors.pydantic.dev/2.12/v/json_invalid
2026-01-19 10:18:37,269 - mcp.server.lowlevel.server - DEBUG - [server.py:668] - Received message: 1 validation error for JSONRPCMessage
  Invalid JSON: expected value at line 1 column 1 [type=json_invalid, input_value='s\n', input_type=str]
    For further information visit https://errors.pydantic.dev/2.12/v/json_invalid
2026-01-19 10:18:37,269 - mcp.server.lowlevel.server - ERROR - [server.py:693] - Received exception from stream: 1 validation error for JSONRPCMessage
  Invalid JSON: expected value at line 1 column 1 [type=json_invalid, input_value='s\n', input_type=str]
    For further information visit https://errors.pydantic.dev/2.12/v/json_invalid
2026-01-19 10:18:37,470 - mcp.server.lowlevel.server - DEBUG - [server.py:668] - Received message: 1 validation error for JSONRPCMessage
  Invalid JSON: expected value at line 1 column 1 [type=json_invalid, input_value='s\n', input_type=str]
    For further information visit https://errors.pydantic.dev/2.12/v/json_invalid
2026-01-19 10:18:37,470 - mcp.server.lowlevel.server - ERROR - [server.py:693] - Received exception from stream: 1 validation error for JSONRPCMessage
  Invalid JSON: expected value at line 1 column 1 [type=json_invalid, input_value='s\n', input_type=str]
    For further information visit https://errors.pydantic.dev/2.12/v/json_invalid
2026-01-19 13:29:13,707 - mcp.server.lowlevel.server - DEBUG - [server.py:162] - Initializing server 'UnrealMCP_Advanced'
2026-01-19 13:29:13,707 - mcp.server.lowlevel.server - DEBUG - [server.py:432] - Registering handler for ListToolsRequest
2026-01-19 13:29:13,707 - mcp.server.lowlevel.server - DEBUG - [server.py:512] - Registering handler for CallToolRequest
2026-01-19 13:29:13,707 - mcp.server.lowlevel.server - DEBUG - [server.py:301] - Registering handler for ListResourcesRequest
2026-01-19 13:29:13,707 - mcp.server.lowlevel.server - DEBUG - [server.py:336] - Registering handler for ReadResourceRequest
2026-01-19 13:29:13,707 - mcp.server.lowlevel.server - DEBUG - [server.py:263] - Registering handler for PromptListRequest
2026-01-19 13:29:13,707 - mcp.server.lowlevel.server - DEBUG - [server.py:285] - Registering handler for GetPromptRequest
2026-01-19 13:29:13,707 - mcp.server.lowlevel.server - DEBUG - [server.py:321] - Registering handler for ListResourceTemplatesRequest
2026-01-19 13:29:13,790 - UnrealMCP_Advanced - INFO - [unreal_mcp_server_advanced.py:2795] - Starting Advanced MCP server with stdio transport
2026-01-19 13:29:13,804 - asyncio - DEBUG - [proactor_events.py:633] - Using proactor: IocpProactor
2026-01-19 13:29:13,808 - UnrealMCP_Advanced - INFO - [unreal_mcp_server_advanced.py:434] - UnrealMCP Advanced server starting up
2026-01-19 13:29:13,808 - UnrealMCP_Advanced - INFO - [unreal_mcp_server_advanced.py:435] - Connection will be established lazily on first tool call
2026-01-19 13:34:46,278 - mcp.server.lowlevel.server - DEBUG - [server.py:668] - Received message: 1 validation error for JSONRPCMessage
  Invalid JSON: EOF while parsing a value at line 2 column 0 [type=json_invalid, input_value='\n', input_type=str]
    For further information visit https://errors.pydantic.dev/2.12/v/json_invalid
2026-01-19 13:34:46,280 - mcp.server.lowlevel.server - ERROR - [server.py:693] - Received exception from stream: 1 validation error for JSONRPCMessage
  Invalid JSON: EOF while parsing a value at line 2 column 0 [type=json_invalid, input_value='\n', input_type=str]
    For further information visit https://errors.pydantic.dev/2.12/v/json_invalid
2026-02-11 23:44:51,873 - mcp.server.lowlevel.server - DEBUG - [server.py:145] - Initializing server 'UnrealMCP_Advanced'
2026-02-11 23:44:51,874 - mcp.server.lowlevel.server - DEBUG - [server.py:384] - Registering handler for ListToolsRequest
2026-02-11 23:44:51,874 - mcp.server.lowlevel.server - DEBUG - [server.py:406] - Registering handler for CallToolRequest
2026-02-11 23:44:51,874 - mcp.server.lowlevel.server - DEBUG - [server.py:252] - Registering handler for ListResourcesRequest
2026-02-11 23:44:51,874 - mcp.server.lowlevel.server - DEBUG - [server.py:286] - Registering handler for ReadResourceRequest
2026-02-11 23:44:51,874 - mcp.server.lowlevel.server - DEBUG - [server.py:222] - Registering handler for PromptListRequest
2026-02-11 23:44:51,874 - mcp.server.lowlevel.server - DEBUG - [server.py:239] - Registering handler for GetPromptRequest
2026-02-11 23:44:51,874 - mcp.server.lowlevel.server - DEBUG - [server.py:267] - Registering handler for ListResourceTemplatesRequest
2026-02-11 23:44:51,940 - UnrealMCP_Advanced - INFO - [unreal_mcp_server_advanced.py:2800] - Starting Advanced MCP server with stdio transport
2026-02-11 23:44:51,959 - asyncio - DEBUG - [proactor_events.py:633] - Using proactor: IocpProactor
2026-02-11 23:44:51,961 - UnrealMCP_Advanced - INFO - [unreal_mcp_server_advanced.py:434] - UnrealMCP Advanced server starting up
2026-02-11 23:44:51,961 - UnrealMCP_Advanced - INFO - [unreal_mcp_server_advanced.py:435] - Connection will be established lazily on first tool call
2026-02-11 23:44:51,964 - mcp.server.lowlevel.server - DEBUG - [server.py:491] - Received message: root=InitializedNotification(method='notifications/initialized', params=None, jsonrpc='2.0')
2026-02-11 23:44:51,965 - mcp.server.lowlevel.server - DEBUG - [server.py:491] - Received message: <mcp.shared.session.RequestResponder object at 0x00000231005DCF50>
2026-02-11 23:44:51,965 - mcp.server.lowlevel.server - INFO - [server.py:534] - Processing request of type ListToolsRequest
2026-02-11 23:44:51,965 - mcp.server.lowlevel.server - DEBUG - [server.py:537] - Dispatching request of type ListToolsRequest
2026-02-11 23:44:51,968 - mcp.server.lowlevel.server - DEBUG - [server.py:572] - Response sent
2026-02-11 23:44:51,969 - mcp.server.lowlevel.server - DEBUG - [server.py:491] - Received message: <mcp.shared.session.RequestResponder object at 0x00000231005DD810>
2026-02-11 23:44:51,970 - mcp.server.lowlevel.server - INFO - [server.py:534] - Processing request of type ListPromptsRequest
2026-02-11 23:44:51,970 - mcp.server.lowlevel.server - DEBUG - [server.py:537] - Dispatching request of type ListPromptsRequest
2026-02-11 23:44:51,970 - mcp.server.lowlevel.server - DEBUG - [server.py:491] - Received message: <mcp.shared.session.RequestResponder object at 0x00000231004E1E00>
2026-02-11 23:44:51,970 - mcp.server.lowlevel.server - INFO - [server.py:534] - Processing request of type ListResourcesRequest
2026-02-11 23:44:51,970 - mcp.server.lowlevel.server - DEBUG - [server.py:537] - Dispatching request of type ListResourcesRequest
2026-02-11 23:44:51,970 - mcp.server.fastmcp.resources.resource_manager - DEBUG - [resource_manager.py:89] - Listing resources
2026-02-11 23:44:51,970 - mcp.server.lowlevel.server - DEBUG - [server.py:572] - Response sent
2026-02-11 23:44:51,971 - mcp.server.lowlevel.server - DEBUG - [server.py:572] - Response sent
2026-02-12 00:01:48,221 - mcp.server.lowlevel.server - DEBUG - [server.py:145] - Initializing server 'UnrealMCP_Advanced'
2026-02-12 00:01:48,221 - mcp.server.lowlevel.server - DEBUG - [server.py:384] - Registering handler for ListToolsRequest
2026-02-12 00:01:48,221 - mcp.server.lowlevel.server - DEBUG - [server.py:406] - Registering handler for CallToolRequest
2026-02-12 00:01:48,221 - mcp.server.lowlevel.server - DEBUG - [server.py:252] - Registering handler for ListResourcesRequest
2026-02-12 00:01:48,221 - mcp.server.lowlevel.server - DEBUG - [server.py:286] - Registering handler for ReadResourceRequest
2026-02-12 00:01:48,221 - mcp.server.lowlevel.server - DEBUG - [server.py:222] - Registering handler for PromptListRequest
2026-02-12 00:01:48,221 - mcp.server.lowlevel.server - DEBUG - [server.py:239] - Registering handler for GetPromptRequest
2026-02-12 00:01:48,221 - mcp.server.lowlevel.server - DEBUG - [server.py:267] - Registering handler for ListResourceTemplatesRequest
2026-02-12 00:01:48,261 - UnrealMCP_Advanced - INFO - [unreal_mcp_server_advanced.py:2800] - Starting Advanced MCP server with stdio transport
2026-02-12 00:01:48,263 - asyncio - DEBUG - [proactor_events.py:633] - Using proactor: IocpProactor
2026-02-12 00:01:48,265 - UnrealMCP_Advanced - INFO - [unreal_mcp_server_advanced.py:434] - UnrealMCP Advanced server starting up
2026-02-12 00:01:48,265 - UnrealMCP_Advanced - INFO - [unreal_mcp_server_advanced.py:435] - Connection will be established lazily on first tool call
2026-02-12 00:01:55,075 - mcp.server.lowlevel.server - DEBUG - [server.py:491] - Received message: 1 validation error for JSONRPCMessage
  Invalid JSON: EOF while parsing a value at line 2 column 0 [type=json_invalid, input_value='\n', input_type=str]
    For further information visit https://errors.pydantic.dev/2.10/v/json_invalid
2026-02-12 00:02:14,147 - mcp.server.lowlevel.server - DEBUG - [server.py:145] - Initializing server 'UnrealMCP_Advanced'
2026-02-12 00:02:14,147 - mcp.server.lowlevel.server - DEBUG - [server.py:384] - Registering handler for ListToolsRequest
2026-02-12 00:02:14,148 - mcp.server.lowlevel.server - DEBUG - [server.py:406] - Registering handler for CallToolRequest
2026-02-12 00:02:14,148 - mcp.server.lowlevel.server - DEBUG - [server.py:252] - Registering handler for ListResourcesRequest
2026-02-12 00:02:14,148 - mcp.server.lowlevel.server - DEBUG - [server.py:286] - Registering handler for ReadResourceRequest
2026-02-12 00:02:14,148 - mcp.server.lowlevel.server - DEBUG - [server.py:222] - Registering handler for PromptListRequest
2026-02-12 00:02:14,148 - mcp.server.lowlevel.server - DEBUG - [server.py:239] - Registering handler for GetPromptRequest
2026-02-12 00:02:14,148 - mcp.server.lowlevel.server - DEBUG - [server.py:267] - Registering handler for ListResourceTemplatesRequest
2026-02-12 00:02:14,183 - UnrealMCP_Advanced - INFO - [unreal_mcp_server_advanced.py:2800] - Starting Advanced MCP server with stdio transport
2026-02-12 00:02:14,186 - asyncio - DEBUG - [proactor_events.py:633] - Using proactor: IocpProactor
2026-02-12 00:02:14,187 - UnrealMCP_Advanced - INFO - [unreal_mcp_server_advanced.py:434] - UnrealMCP Advanced server starting up
2026-02-12 00:02:14,187 - UnrealMCP_Advanced - INFO - [unreal_mcp_server_advanced.py:435] - Connection will be established lazily on first tool call
2026-02-12 00:02:16,300 - mcp.server.lowlevel.server - DEBUG - [server.py:491] - Received message: 1 validation error for JSONRPCMessage
  Invalid JSON: EOF while parsing a value at line 2 column 0 [type=json_invalid, input_value='\n', input_type=str]
    For further information visit https://errors.pydantic.dev/2.10/v/json_invalid
2026-02-12 00:02:46,436 - mcp.server.lowlevel.server - DEBUG - [server.py:491] - Received message: 1 validation error for JSONRPCMessage
  Invalid JSON: expected value at line 1 column 1 [type=json_invalid, input_value='where uv\n', input_type=str]
    For further information visit https://errors.pydantic.dev/2.10/v/json_invalid
2026-02-12 00:02:52,763 - UnrealMCP_Advanced - INFO - [unreal_mcp_server_advanced.py:429] - Unreal connection reset
2026-02-12 00:02:52,763 - UnrealMCP_Advanced - INFO - [unreal_mcp_server_advanced.py:441] - Unreal MCP Advanced server shut down
2026-02-12 00:03:12,748 - mcp.server.lowlevel.server - DEBUG - [server.py:145] - Initializing server 'UnrealMCP_Advanced'
2026-02-12 00:03:12,748 - mcp.server.lowlevel.server - DEBUG - [server.py:384] - Registering handler for ListToolsRequest
2026-02-12 00:03:12,748 - mcp.server.lowlevel.server - DEBUG - [server.py:406] - Registering handler for CallToolRequest
2026-02-12 00:03:12,748 - mcp.server.lowlevel.server - DEBUG - [server.py:252] - Registering handler for ListResourcesRequest
2026-02-12 00:03:12,748 - mcp.server.lowlevel.server - DEBUG - [server.py:286] - Registering handler for ReadResourceRequest
2026-02-12 00:03:12,748 - mcp.server.lowlevel.server - DEBUG - [server.py:222] - Registering handler for PromptListRequest
2026-02-12 00:03:12,748 - mcp.server.lowlevel.server - DEBUG - [server.py:239] - Registering handler for GetPromptRequest
2026-02-12 00:03:12,748 - mcp.server.lowlevel.server - DEBUG - [server.py:267] - Registering handler for ListResourceTemplatesRequest
2026-02-12 00:03:12,783 - UnrealMCP_Advanced - INFO - [unreal_mcp_server_advanced.py:2800] - Starting Advanced MCP server with stdio transport
2026-02-12 00:03:12,786 - asyncio - DEBUG - [proactor_events.py:633] - Using proactor: IocpProactor
2026-02-12 00:03:12,788 - UnrealMCP_Advanced - INFO - [unreal_mcp_server_advanced.py:434] - UnrealMCP Advanced server starting up
2026-02-12 00:03:12,788 - UnrealMCP_Advanced - INFO - [unreal_mcp_server_advanced.py:435] - Connection will be established lazily on first tool call
2026-02-12 00:06:25,277 - mcp.server.lowlevel.server - DEBUG - [server.py:145] - Initializing server 'UnrealMCP_Advanced'
2026-02-12 00:06:25,277 - mcp.server.lowlevel.server - DEBUG - [server.py:384] - Registering handler for ListToolsRequest
2026-02-12 00:06:25,277 - mcp.server.lowlevel.server - DEBUG - [server.py:406] - Registering handler for CallToolRequest
2026-02-12 00:06:25,277 - mcp.server.lowlevel.server - DEBUG - [server.py:252] - Registering handler for ListResourcesRequest
2026-02-12 00:06:25,277 - mcp.server.lowlevel.server - DEBUG - [server.py:286] - Registering handler for ReadResourceRequest
2026-02-12 00:06:25,277 - mcp.server.lowlevel.server - DEBUG - [server.py:222] - Registering handler for PromptListRequest
2026-02-12 00:06:25,277 - mcp.server.lowlevel.server - DEBUG - [server.py:239] - Registering handler for GetPromptRequest
2026-02-12 00:06:25,277 - mcp.server.lowlevel.server - DEBUG - [server.py:267] - Registering handler for ListResourceTemplatesRequest
2026-02-12 00:06:25,312 - UnrealMCP_Advanced - INFO - [unreal_mcp_server_advanced.py:2800] - Starting Advanced MCP server with stdio transport
2026-02-12 00:06:25,314 - asyncio - DEBUG - [proactor_events.py:633] - Using proactor: IocpProactor
2026-02-12 00:06:25,316 - UnrealMCP_Advanced - INFO - [unreal_mcp_server_advanced.py:434] - UnrealMCP Advanced server starting up
2026-02-12 00:06:25,316 - UnrealMCP_Advanced - INFO - [unreal_mcp_server_advanced.py:435] - Connection will be established lazily on first tool call
2026-02-12 00:06:25,317 - UnrealMCP_Advanced - INFO - [unreal_mcp_server_advanced.py:429] - Unreal connection reset
2026-02-12 00:06:25,317 - UnrealMCP_Advanced - INFO - [unreal_mcp_server_advanced.py:441] - Unreal MCP Advanced server shut down
2026-02-12 00:07:24,137 - mcp.server.lowlevel.server - DEBUG - [server.py:145] - Initializing server 'UnrealMCP_Advanced'
2026-02-12 00:07:24,137 - mcp.server.lowlevel.server - DEBUG - [server.py:384] - Registering handler for ListToolsRequest
2026-02-12 00:07:24,137 - mcp.server.lowlevel.server - DEBUG - [server.py:406] - Registering handler for CallToolRequest
2026-02-12 00:07:24,137 - mcp.server.lowlevel.server - DEBUG - [server.py:252] - Registering handler for ListResourcesRequest
2026-02-12 00:07:24,137 - mcp.server.lowlevel.server - DEBUG - [server.py:286] - Registering handler for ReadResourceRequest
2026-02-12 00:07:24,137 - mcp.server.lowlevel.server - DEBUG - [server.py:222] - Registering handler for PromptListRequest
2026-02-12 00:07:24,137 - mcp.server.lowlevel.server - DEBUG - [server.py:239] - Registering handler for GetPromptRequest
2026-02-12 00:07:24,137 - mcp.server.lowlevel.server - DEBUG - [server.py:267] - Registering handler for ListResourceTemplatesRequest
2026-02-12 00:07:24,184 - UnrealMCP_Advanced - INFO - [unreal_mcp_server_advanced.py:2800] - Starting Advanced MCP server with stdio transport
2026-02-12 00:07:24,187 - asyncio - DEBUG - [proactor_events.py:633] - Using proactor: IocpProactor
2026-02-12 00:07:24,188 - UnrealMCP_Advanced - INFO - [unreal_mcp_server_advanced.py:434] - UnrealMCP Advanced server starting up
2026-02-12 00:07:24,188 - UnrealMCP_Advanced - INFO - [unreal_mcp_server_advanced.py:435] - Connection will be established lazily on first tool call
2026-02-12 00:07:24,191 - mcp.server.lowlevel.server - DEBUG - [server.py:491] - Received message: root=InitializedNotification(method='notifications/initialized', params=None, jsonrpc='2.0')
2026-02-12 00:07:24,192 - mcp.server.lowlevel.server - DEBUG - [server.py:491] - Received message: <mcp.shared.session.RequestResponder object at 0x0000013CCD202710>
2026-02-12 00:07:24,193 - mcp.server.lowlevel.server - INFO - [server.py:534] - Processing request of type ListToolsRequest
2026-02-12 00:07:24,193 - mcp.server.lowlevel.server - DEBUG - [server.py:537] - Dispatching request of type ListToolsRequest
2026-02-12 00:07:24,196 - mcp.server.lowlevel.server - DEBUG - [server.py:572] - Response sent
2026-02-12 00:07:24,197 - mcp.server.lowlevel.server - DEBUG - [server.py:491] - Received message: <mcp.shared.session.RequestResponder object at 0x0000013CCD202FD0>
2026-02-12 00:07:24,197 - mcp.server.lowlevel.server - INFO - [server.py:534] - Processing request of type ListPromptsRequest
2026-02-12 00:07:24,197 - mcp.server.lowlevel.server - DEBUG - [server.py:537] - Dispatching request of type ListPromptsRequest
2026-02-12 00:07:24,197 - mcp.server.lowlevel.server - DEBUG - [server.py:491] - Received message: <mcp.shared.session.RequestResponder object at 0x0000013CCD17E060>
2026-02-12 00:07:24,197 - mcp.server.lowlevel.server - INFO - [server.py:534] - Processing request of type ListResourcesRequest
2026-02-12 00:07:24,198 - mcp.server.lowlevel.server - DEBUG - [server.py:537] - Dispatching request of type ListResourcesRequest
2026-02-12 00:07:24,198 - mcp.server.fastmcp.resources.resource_manager - DEBUG - [resource_manager.py:89] - Listing resources
2026-02-12 00:07:24,198 - mcp.server.lowlevel.server - DEBUG - [server.py:572] - Response sent
2026-02-12 00:07:24,198 - mcp.server.lowlevel.server - DEBUG - [server.py:572] - Response sent
2026-02-12 00:10:28,640 - UnrealMCP_Advanced - INFO - [unreal_mcp_server_advanced.py:429] - Unreal connection reset
2026-02-12 00:10:28,641 - UnrealMCP_Advanced - INFO - [unreal_mcp_server_advanced.py:441] - Unreal MCP Advanced server shut down
2026-02-12 00:10:31,771 - mcp.server.lowlevel.server - DEBUG - [server.py:145] - Initializing server 'UnrealMCP_Advanced'
2026-02-12 00:10:31,771 - mcp.server.lowlevel.server - DEBUG - [server.py:384] - Registering handler for ListToolsRequest
2026-02-12 00:10:31,771 - mcp.server.lowlevel.server - DEBUG - [server.py:406] - Registering handler for CallToolRequest
2026-02-12 00:10:31,771 - mcp.server.lowlevel.server - DEBUG - [server.py:252] - Registering handler for ListResourcesRequest
2026-02-12 00:10:31,771 - mcp.server.lowlevel.server - DEBUG - [server.py:286] - Registering handler for ReadResourceRequest
2026-02-12 00:10:31,771 - mcp.server.lowlevel.server - DEBUG - [server.py:222] - Registering handler for PromptListRequest
2026-02-12 00:10:31,771 - mcp.server.lowlevel.server - DEBUG - [server.py:239] - Registering handler for GetPromptRequest
2026-02-12 00:10:31,771 - mcp.server.lowlevel.server - DEBUG - [server.py:267] - Registering handler for ListResourceTemplatesRequest
2026-02-12 00:10:31,809 - UnrealMCP_Advanced - INFO - [unreal_mcp_server_advanced.py:2800] - Starting Advanced MCP server with stdio transport
2026-02-12 00:10:31,812 - asyncio - DEBUG - [proactor_events.py:633] - Using proactor: IocpProactor
2026-02-12 00:10:31,814 - UnrealMCP_Advanced - INFO - [unreal_mcp_server_advanced.py:434] - UnrealMCP Advanced server starting up
2026-02-12 00:10:31,814 - UnrealMCP_Advanced - INFO - [unreal_mcp_server_advanced.py:435] - Connection will be established lazily on first tool call
2026-02-12 00:10:31,817 - mcp.server.lowlevel.server - DEBUG - [server.py:491] - Received message: root=InitializedNotification(method='notifications/initialized', params=None, jsonrpc='2.0')
2026-02-12 00:10:31,817 - mcp.server.lowlevel.server - DEBUG - [server.py:491] - Received message: <mcp.shared.session.RequestResponder object at 0x0000026876722710>
2026-02-12 00:10:31,818 - mcp.server.lowlevel.server - INFO - [server.py:534] - Processing request of type ListToolsRequest
2026-02-12 00:10:31,818 - mcp.server.lowlevel.server - DEBUG - [server.py:537] - Dispatching request of type ListToolsRequest
2026-02-12 00:10:31,821 - mcp.server.lowlevel.server - DEBUG - [server.py:572] - Response sent
2026-02-12 00:10:31,822 - mcp.server.lowlevel.server - DEBUG - [server.py:491] - Received message: <mcp.shared.session.RequestResponder object at 0x0000026876722FD0>
2026-02-12 00:10:31,822 - mcp.server.lowlevel.server - INFO - [server.py:534] - Processing request of type ListPromptsRequest
2026-02-12 00:10:31,822 - mcp.server.lowlevel.server - DEBUG - [server.py:537] - Dispatching request of type ListPromptsRequest
2026-02-12 00:10:31,822 - mcp.server.lowlevel.server - DEBUG - [server.py:491] - Received message: <mcp.shared.session.RequestResponder object at 0x000002687669E060>
2026-02-12 00:10:31,822 - mcp.server.lowlevel.server - INFO - [server.py:534] - Processing request of type ListResourcesRequest
2026-02-12 00:10:31,822 - mcp.server.lowlevel.server - DEBUG - [server.py:537] - Dispatching request of type ListResourcesRequest
2026-02-12 00:10:31,822 - mcp.server.fastmcp.resources.resource_manager - DEBUG - [resource_manager.py:89] - Listing resources
2026-02-12 00:10:31,823 - mcp.server.lowlevel.server - DEBUG - [server.py:572] - Response sent
2026-02-12 00:10:31,823 - mcp.server.lowlevel.server - DEBUG - [server.py:572] - Response sent
2026-02-12 00:12:49,102 - mcp.server.lowlevel.server - DEBUG - [server.py:491] - Received message: <mcp.shared.session.RequestResponder object at 0x000002687669E780>
2026-02-12 00:12:49,103 - mcp.server.lowlevel.server - INFO - [server.py:534] - Processing request of type CallToolRequest
2026-02-12 00:12:49,103 - mcp.server.lowlevel.server - DEBUG - [server.py:537] - Dispatching request of type CallToolRequest
2026-02-12 00:12:49,112 - UnrealMCP_Advanced - INFO - [unreal_mcp_server_advanced.py:416] - Creating new UnrealConnection instance
2026-02-12 00:12:49,112 - UnrealMCP_Advanced - INFO - [unreal_mcp_server_advanced.py:147] - Connecting to Unreal at 127.0.0.1:55557 (attempt 1/4)...
2026-02-12 00:12:49,137 - UnrealMCP_Advanced - INFO - [unreal_mcp_server_advanced.py:154] - Successfully connected to Unreal Engine
2026-02-12 00:12:49,137 - UnrealMCP_Advanced - INFO - [unreal_mcp_server_advanced.py:362] - Sending command (attempt 1): create_blueprint
2026-02-12 00:12:49,137 - UnrealMCP_Advanced - DEBUG - [unreal_mcp_server_advanced.py:363] - Command payload: {"type": "create_blueprint", "params": {"name": "BP_MCP_Enemy", "parent_class": "MgbEnemyCharacter"}}...
2026-02-12 00:12:49,454 - UnrealMCP_Advanced - INFO - [unreal_mcp_server_advanced.py:264] - Received complete response (121 bytes) for create_blueprint
2026-02-12 00:12:49,454 - UnrealMCP_Advanced - INFO - [unreal_mcp_server_advanced.py:380] - Command create_blueprint completed successfully
2026-02-12 00:12:49,455 - mcp.server.lowlevel.server - DEBUG - [server.py:572] - Response sent
2026-02-12 00:14:48,513 - UnrealMCP_Advanced - DEBUG - [unreal_mcp_server_advanced.py:200] - Disconnected from Unreal Engine
2026-02-12 00:14:48,513 - UnrealMCP_Advanced - INFO - [unreal_mcp_server_advanced.py:429] - Unreal connection reset
2026-02-12 00:14:48,513 - UnrealMCP_Advanced - INFO - [unreal_mcp_server_advanced.py:441] - Unreal MCP Advanced server shut down
2026-02-12 00:14:53,575 - mcp.server.lowlevel.server - DEBUG - [server.py:145] - Initializing server 'UnrealMCP_Advanced'
2026-02-12 00:14:53,575 - mcp.server.lowlevel.server - DEBUG - [server.py:384] - Registering handler for ListToolsRequest
2026-02-12 00:14:53,575 - mcp.server.lowlevel.server - DEBUG - [server.py:406] - Registering handler for CallToolRequest
2026-02-12 00:14:53,575 - mcp.server.lowlevel.server - DEBUG - [server.py:252] - Registering handler for ListResourcesRequest
2026-02-12 00:14:53,575 - mcp.server.lowlevel.server - DEBUG - [server.py:286] - Registering handler for ReadResourceRequest
2026-02-12 00:14:53,575 - mcp.server.lowlevel.server - DEBUG - [server.py:222] - Registering handler for PromptListRequest
2026-02-12 00:14:53,575 - mcp.server.lowlevel.server - DEBUG - [server.py:239] - Registering handler for GetPromptRequest
2026-02-12 00:14:53,575 - mcp.server.lowlevel.server - DEBUG - [server.py:267] - Registering handler for ListResourceTemplatesRequest
2026-02-12 00:14:53,618 - UnrealMCP_Advanced - INFO - [unreal_mcp_server_advanced.py:2800] - Starting Advanced MCP server with stdio transport
2026-02-12 00:14:53,621 - asyncio - DEBUG - [proactor_events.py:633] - Using proactor: IocpProactor
2026-02-12 00:14:53,622 - UnrealMCP_Advanced - INFO - [unreal_mcp_server_advanced.py:434] - UnrealMCP Advanced server starting up
2026-02-12 00:14:53,622 - UnrealMCP_Advanced - INFO - [unreal_mcp_server_advanced.py:435] - Connection will be established lazily on first tool call
2026-02-12 00:14:53,630 - mcp.server.lowlevel.server - DEBUG - [server.py:491] - Received message: root=InitializedNotification(method='notifications/initialized', params=None, jsonrpc='2.0')
2026-02-12 00:14:53,631 - mcp.server.lowlevel.server - DEBUG - [server.py:491] - Received message: <mcp.shared.session.RequestResponder object at 0x0000026E7AFC6710>
2026-02-12 00:14:53,631 - mcp.server.lowlevel.server - INFO - [server.py:534] - Processing request of type ListToolsRequest
2026-02-12 00:14:53,631 - mcp.server.lowlevel.server - DEBUG - [server.py:537] - Dispatching request of type ListToolsRequest
2026-02-12 00:14:53,635 - mcp.server.lowlevel.server - DEBUG - [server.py:572] - Response sent
2026-02-12 00:14:53,636 - mcp.server.lowlevel.server - DEBUG - [server.py:491] - Received message: <mcp.shared.session.RequestResponder object at 0x0000026E7AFC6FD0>
2026-02-12 00:14:53,636 - mcp.server.lowlevel.server - INFO - [server.py:534] - Processing request of type ListPromptsRequest
2026-02-12 00:14:53,636 - mcp.server.lowlevel.server - DEBUG - [server.py:537] - Dispatching request of type ListPromptsRequest
2026-02-12 00:14:53,636 - mcp.server.lowlevel.server - DEBUG - [server.py:491] - Received message: <mcp.shared.session.RequestResponder object at 0x0000026E7AF3E060>
2026-02-12 00:14:53,636 - mcp.server.lowlevel.server - INFO - [server.py:534] - Processing request of type ListResourcesRequest
2026-02-12 00:14:53,636 - mcp.server.lowlevel.server - DEBUG - [server.py:537] - Dispatching request of type ListResourcesRequest
2026-02-12 00:14:53,636 - mcp.server.fastmcp.resources.resource_manager - DEBUG - [resource_manager.py:89] - Listing resources
2026-02-12 00:14:53,637 - mcp.server.lowlevel.server - DEBUG - [server.py:572] - Response sent
2026-02-12 00:14:53,637 - mcp.server.lowlevel.server - DEBUG - [server.py:572] - Response sent
2026-02-12 00:17:03,106 - mcp.server.lowlevel.server - DEBUG - [server.py:491] - Received message: <mcp.shared.session.RequestResponder object at 0x0000026E7AF3E780>
2026-02-12 00:17:03,107 - mcp.server.lowlevel.server - INFO - [server.py:534] - Processing request of type CallToolRequest
2026-02-12 00:17:03,107 - mcp.server.lowlevel.server - DEBUG - [server.py:537] - Dispatching request of type CallToolRequest
2026-02-12 00:17:03,107 - UnrealMCP_Advanced - INFO - [unreal_mcp_server_advanced.py:416] - Creating new UnrealConnection instance
2026-02-12 00:17:03,107 - UnrealMCP_Advanced - INFO - [unreal_mcp_server_advanced.py:147] - Connecting to Unreal at 127.0.0.1:55557 (attempt 1/4)...
2026-02-12 00:17:03,107 - UnrealMCP_Advanced - INFO - [unreal_mcp_server_advanced.py:154] - Successfully connected to Unreal Engine
2026-02-12 00:17:03,107 - UnrealMCP_Advanced - INFO - [unreal_mcp_server_advanced.py:362] - Sending command (attempt 1): create_blueprint
2026-02-12 00:17:03,107 - UnrealMCP_Advanced - DEBUG - [unreal_mcp_server_advanced.py:363] - Command payload: {"type": "create_blueprint", "params": {"name": "BP_MCP_Enemy", "parent_class": "MgbEnemyCharacter"}}...
2026-02-12 00:17:03,182 - UnrealMCP_Advanced - INFO - [unreal_mcp_server_advanced.py:264] - Received complete response (121 bytes) for create_blueprint
2026-02-12 00:17:03,182 - UnrealMCP_Advanced - INFO - [unreal_mcp_server_advanced.py:380] - Command create_blueprint completed successfully
2026-02-12 00:17:03,183 - mcp.server.lowlevel.server - DEBUG - [server.py:572] - Response sent
2026-02-12 00:26:14,719 - mcp.server.lowlevel.server - DEBUG - [server.py:491] - Received message: <mcp.shared.session.RequestResponder object at 0x0000026E7AFDAB10>
2026-02-12 00:26:14,719 - mcp.server.lowlevel.server - INFO - [server.py:534] - Processing request of type CallToolRequest
2026-02-12 00:26:14,719 - mcp.server.lowlevel.server - DEBUG - [server.py:537] - Dispatching request of type CallToolRequest
2026-02-12 00:26:14,719 - UnrealMCP_Advanced - INFO - [unreal_mcp_server_advanced.py:679] - Reading Blueprint content for: /Game/Blueprints/MCP/BP_MCP_Enemy
2026-02-12 00:26:14,719 - UnrealMCP_Advanced - INFO - [unreal_mcp_server_advanced.py:147] - Connecting to Unreal at 127.0.0.1:55557 (attempt 1/4)...
2026-02-12 00:26:14,719 - UnrealMCP_Advanced - INFO - [unreal_mcp_server_advanced.py:154] - Successfully connected to Unreal Engine
2026-02-12 00:26:14,719 - UnrealMCP_Advanced - INFO - [unreal_mcp_server_advanced.py:362] - Sending command (attempt 1): read_blueprint_content
2026-02-12 00:26:14,720 - UnrealMCP_Advanced - DEBUG - [unreal_mcp_server_advanced.py:363] - Command payload: {"type": "read_blueprint_content", "params": {"blueprint_path": "/Game/Blueprints/MCP/BP_MCP_Enemy", "include_event_graph": true, "include_functions": true, "include_variables": true, "include_components": true, "include_interfaces": true}}...
2026-02-12 00:26:15,109 - UnrealMCP_Advanced - INFO - [unreal_mcp_server_advanced.py:264] - Received complete response (482 bytes) for read_blueprint_content
2026-02-12 00:26:15,110 - UnrealMCP_Advanced - INFO - [unreal_mcp_server_advanced.py:380] - Command read_blueprint_content completed successfully
2026-02-12 00:26:15,110 - mcp.server.lowlevel.server - DEBUG - [server.py:572] - Response sent
2026-02-12 00:26:23,413 - mcp.server.lowlevel.server - DEBUG - [server.py:491] - Received message: <mcp.shared.session.RequestResponder object at 0x0000026E7A9DF460>
2026-02-12 00:26:23,413 - mcp.server.lowlevel.server - INFO - [server.py:534] - Processing request of type CallToolRequest
2026-02-12 00:26:23,413 - mcp.server.lowlevel.server - DEBUG - [server.py:537] - Dispatching request of type CallToolRequest
2026-02-12 00:26:23,423 - UnrealMCP_Advanced - INFO - [unreal_mcp_server_advanced.py:147] - Connecting to Unreal at 127.0.0.1:55557 (attempt 1/4)...
2026-02-12 00:26:23,436 - UnrealMCP_Advanced - INFO - [unreal_mcp_server_advanced.py:154] - Successfully connected to Unreal Engine
2026-02-12 00:26:23,436 - UnrealMCP_Advanced - INFO - [unreal_mcp_server_advanced.py:362] - Sending command (attempt 1): add_event_node
2026-02-12 00:26:23,436 - UnrealMCP_Advanced - DEBUG - [unreal_mcp_server_advanced.py:363] - Command payload: {"type": "add_event_node", "params": {"blueprint_name": "BP_MCP_Enemy", "event_name": "ReceiveBeginPlay", "pos_x": -400.0, "pos_y": 0.0}}...
2026-02-12 00:26:23,769 - UnrealMCP_Advanced - INFO - [unreal_mcp_server_advanced.py:264] - Received complete response (72 bytes) for add_event_node
2026-02-12 00:26:23,769 - UnrealMCP_Advanced - INFO - [unreal_mcp_server_advanced.py:380] - Command add_event_node completed successfully
2026-02-12 00:26:23,769 - UnrealMCP_Advanced - WARNING - [unreal_mcp_server_advanced.py:385] - Unreal returned error: Blueprint not found: BP_MCP_Enemy
2026-02-12 00:26:23,770 - BlueprintGraph.EventManager - ERROR - [event_manager.py:79] - Failed to add event node: Blueprint not found: BP_MCP_Enemy
2026-02-12 00:26:23,770 - mcp.server.lowlevel.server - DEBUG - [server.py:572] - Response sent
2026-02-12 00:26:30,081 - mcp.server.lowlevel.server - DEBUG - [server.py:491] - Received message: <mcp.shared.session.RequestResponder object at 0x0000026E7AF43AC0>
2026-02-12 00:26:30,081 - mcp.server.lowlevel.server - INFO - [server.py:534] - Processing request of type CallToolRequest
2026-02-12 00:26:30,081 - mcp.server.lowlevel.server - DEBUG - [server.py:537] - Dispatching request of type CallToolRequest
2026-02-12 00:26:30,081 - UnrealMCP_Advanced - INFO - [unreal_mcp_server_advanced.py:147] - Connecting to Unreal at 127.0.0.1:55557 (attempt 1/4)...
2026-02-12 00:26:30,091 - UnrealMCP_Advanced - INFO - [unreal_mcp_server_advanced.py:154] - Successfully connected to Unreal Engine
2026-02-12 00:26:30,091 - UnrealMCP_Advanced - INFO - [unreal_mcp_server_advanced.py:362] - Sending command (attempt 1): compile_blueprint
2026-02-12 00:26:30,091 - UnrealMCP_Advanced - DEBUG - [unreal_mcp_server_advanced.py:363] - Command payload: {"type": "compile_blueprint", "params": {"blueprint_name": "BP_MCP_Enemy"}}...
2026-02-12 00:26:30,164 - UnrealMCP_Advanced - INFO - [unreal_mcp_server_advanced.py:264] - Received complete response (94 bytes) for compile_blueprint
2026-02-12 00:26:30,164 - UnrealMCP_Advanced - INFO - [unreal_mcp_server_advanced.py:380] - Command compile_blueprint completed successfully
2026-02-12 00:26:30,164 - mcp.server.lowlevel.server - DEBUG - [server.py:572] - Response sent
2026-02-12 00:26:33,299 - mcp.server.lowlevel.server - DEBUG - [server.py:491] - Received message: <mcp.shared.session.RequestResponder object at 0x0000026E7B0F8250>
2026-02-12 00:26:33,299 - mcp.server.lowlevel.server - INFO - [server.py:534] - Processing request of type CallToolRequest
2026-02-12 00:26:33,299 - mcp.server.lowlevel.server - DEBUG - [server.py:537] - Dispatching request of type CallToolRequest
2026-02-12 00:26:33,299 - UnrealMCP_Advanced - INFO - [unreal_mcp_server_advanced.py:147] - Connecting to Unreal at 127.0.0.1:55557 (attempt 1/4)...
2026-02-12 00:26:33,312 - UnrealMCP_Advanced - INFO - [unreal_mcp_server_advanced.py:154] - Successfully connected to Unreal Engine
2026-02-12 00:26:33,313 - UnrealMCP_Advanced - INFO - [unreal_mcp_server_advanced.py:362] - Sending command (attempt 1): add_event_node
2026-02-12 00:26:33,313 - UnrealMCP_Advanced - DEBUG - [unreal_mcp_server_advanced.py:363] - Command payload: {"type": "add_event_node", "params": {"blueprint_name": "BP_MCP_Enemy", "event_name": "ReceiveBeginPlay", "pos_x": -400.0, "pos_y": 0.0}}...
2026-02-12 00:26:33,437 - UnrealMCP_Advanced - INFO - [unreal_mcp_server_advanced.py:264] - Received complete response (72 bytes) for add_event_node
2026-02-12 00:26:33,437 - UnrealMCP_Advanced - INFO - [unreal_mcp_server_advanced.py:380] - Command add_event_node completed successfully
2026-02-12 00:26:33,437 - UnrealMCP_Advanced - WARNING - [unreal_mcp_server_advanced.py:385] - Unreal returned error: Blueprint not found: BP_MCP_Enemy
2026-02-12 00:26:33,437 - BlueprintGraph.EventManager - ERROR - [event_manager.py:79] - Failed to add event node: Blueprint not found: BP_MCP_Enemy
2026-02-12 00:26:33,438 - mcp.server.lowlevel.server - DEBUG - [server.py:572] - Response sent
2026-02-12 00:26:41,443 - mcp.server.lowlevel.server - DEBUG - [server.py:491] - Received message: <mcp.shared.session.RequestResponder object at 0x0000026E7B0F8750>
2026-02-12 00:26:41,444 - mcp.server.lowlevel.server - INFO - [server.py:534] - Processing request of type CallToolRequest
2026-02-12 00:26:41,444 - mcp.server.lowlevel.server - DEBUG - [server.py:537] - Dispatching request of type CallToolRequest
2026-02-12 00:26:41,444 - UnrealMCP_Advanced - INFO - [unreal_mcp_server_advanced.py:147] - Connecting to Unreal at 127.0.0.1:55557 (attempt 1/4)...
2026-02-12 00:26:41,466 - UnrealMCP_Advanced - INFO - [unreal_mcp_server_advanced.py:154] - Successfully connected to Unreal Engine
2026-02-12 00:26:41,466 - UnrealMCP_Advanced - INFO - [unreal_mcp_server_advanced.py:362] - Sending command (attempt 1): add_blueprint_node
2026-02-12 00:26:41,466 - UnrealMCP_Advanced - DEBUG - [unreal_mcp_server_advanced.py:363] - Command payload: {"type": "add_blueprint_node", "params": {"blueprint_name": "/Game/Blueprints/MCP/BP_MCP_Enemy", "node_type": "Event", "node_params": {"pos_x": -400.0, "pos_y": 0.0, "event_type": "BeginPlay"}}}...
2026-02-12 00:26:41,771 - UnrealMCP_Advanced - INFO - [unreal_mcp_server_advanced.py:264] - Received complete response (156 bytes) for add_blueprint_node
2026-02-12 00:26:41,771 - UnrealMCP_Advanced - INFO - [unreal_mcp_server_advanced.py:380] - Command add_blueprint_node completed successfully
2026-02-12 00:26:41,771 - BlueprintGraph.NodeManager - ERROR - [node_manager.py:71] - Failed to add node: Unknown error
2026-02-12 00:26:41,771 - mcp.server.lowlevel.server - DEBUG - [server.py:572] - Response sent
2026-02-12 00:26:45,829 - mcp.server.lowlevel.server - DEBUG - [server.py:491] - Received message: <mcp.shared.session.RequestResponder object at 0x0000026E7B0F5130>
2026-02-12 00:26:45,829 - mcp.server.lowlevel.server - INFO - [server.py:534] - Processing request of type CallToolRequest
2026-02-12 00:26:45,829 - mcp.server.lowlevel.server - DEBUG - [server.py:537] - Dispatching request of type CallToolRequest
2026-02-12 00:26:45,829 - UnrealMCP_Advanced - INFO - [unreal_mcp_server_advanced.py:147] - Connecting to Unreal at 127.0.0.1:55557 (attempt 1/4)...
2026-02-12 00:26:45,854 - UnrealMCP_Advanced - INFO - [unreal_mcp_server_advanced.py:154] - Successfully connected to Unreal Engine
2026-02-12 00:26:45,854 - UnrealMCP_Advanced - INFO - [unreal_mcp_server_advanced.py:362] - Sending command (attempt 1): add_blueprint_node
2026-02-12 00:26:45,854 - UnrealMCP_Advanced - DEBUG - [unreal_mcp_server_advanced.py:363] - Command payload: {"type": "add_blueprint_node", "params": {"blueprint_name": "/Game/Blueprints/MCP/BP_MCP_Enemy", "node_type": "CallFunction", "node_params": {"pos_x": -100.0, "pos_y": 0.0, "event_type": "BeginPlay", "target_function": "GetAbilitySystemComponent", "target_class": "UAbilitySystemBlueprintLibrary"}}}...
2026-02-12 00:26:46,106 - UnrealMCP_Advanced - INFO - [unreal_mcp_server_advanced.py:264] - Received complete response (170 bytes) for add_blueprint_node
2026-02-12 00:26:46,106 - UnrealMCP_Advanced - INFO - [unreal_mcp_server_advanced.py:380] - Command add_blueprint_node completed successfully
2026-02-12 00:26:46,107 - BlueprintGraph.NodeManager - ERROR - [node_manager.py:71] - Failed to add node: Unknown error
2026-02-12 00:26:46,107 - mcp.server.lowlevel.server - DEBUG - [server.py:572] - Response sent
2026-02-12 00:26:50,442 - mcp.server.lowlevel.server - DEBUG - [server.py:491] - Received message: <mcp.shared.session.RequestResponder object at 0x0000026E7B0F5310>
2026-02-12 00:26:50,443 - mcp.server.lowlevel.server - INFO - [server.py:534] - Processing request of type CallToolRequest
2026-02-12 00:26:50,443 - mcp.server.lowlevel.server - DEBUG - [server.py:537] - Dispatching request of type CallToolRequest
2026-02-12 00:26:50,443 - UnrealMCP_Advanced - INFO - [unreal_mcp_server_advanced.py:147] - Connecting to Unreal at 127.0.0.1:55557 (attempt 1/4)...
2026-02-12 00:26:50,459 - UnrealMCP_Advanced - INFO - [unreal_mcp_server_advanced.py:154] - Successfully connected to Unreal Engine
2026-02-12 00:26:50,459 - UnrealMCP_Advanced - INFO - [unreal_mcp_server_advanced.py:362] - Sending command (attempt 1): add_blueprint_node
2026-02-12 00:26:50,459 - UnrealMCP_Advanced - DEBUG - [unreal_mcp_server_advanced.py:363] - Command payload: {"type": "add_blueprint_node", "params": {"blueprint_name": "/Game/Blueprints/MCP/BP_MCP_Enemy", "node_type": "CallFunction", "node_params": {"pos_x": 300.0, "pos_y": 0.0, "event_type": "BeginPlay", "target_function": "ApplyGameplayEffectSpecToSelf", "target_class": "UAbilitySystemComponent"}}}...
2026-02-12 00:26:50,773 - UnrealMCP_Advanced - INFO - [unreal_mcp_server_advanced.py:264] - Received complete response (73 bytes) for add_blueprint_node
2026-02-12 00:26:50,774 - UnrealMCP_Advanced - INFO - [unreal_mcp_server_advanced.py:380] - Command add_blueprint_node completed successfully
2026-02-12 00:26:50,774 - UnrealMCP_Advanced - WARNING - [unreal_mcp_server_advanced.py:385] - Unreal returned error: Failed to create CallFunction node
2026-02-12 00:26:50,774 - BlueprintGraph.NodeManager - ERROR - [node_manager.py:71] - Failed to add node: Failed to create CallFunction node
2026-02-12 00:26:50,774 - mcp.server.lowlevel.server - DEBUG - [server.py:572] - Response sent
2026-02-12 00:26:54,372 - mcp.server.lowlevel.server - DEBUG - [server.py:491] - Received message: <mcp.shared.session.RequestResponder object at 0x0000026E7B119D30>
2026-02-12 00:26:54,372 - mcp.server.lowlevel.server - INFO - [server.py:534] - Processing request of type CallToolRequest
2026-02-12 00:26:54,372 - mcp.server.lowlevel.server - DEBUG - [server.py:537] - Dispatching request of type CallToolRequest
2026-02-12 00:26:54,372 - UnrealMCP_Advanced - INFO - [unreal_mcp_server_advanced.py:147] - Connecting to Unreal at 127.0.0.1:55557 (attempt 1/4)...
2026-02-12 00:26:54,393 - UnrealMCP_Advanced - INFO - [unreal_mcp_server_advanced.py:154] - Successfully connected to Unreal Engine
2026-02-12 00:26:54,394 - UnrealMCP_Advanced - INFO - [unreal_mcp_server_advanced.py:362] - Sending command (attempt 1): add_blueprint_node
2026-02-12 00:26:54,394 - UnrealMCP_Advanced - DEBUG - [unreal_mcp_server_advanced.py:363] - Command payload: {"type": "add_blueprint_node", "params": {"blueprint_name": "/Game/Blueprints/MCP/BP_MCP_Enemy", "node_type": "CallFunction", "node_params": {"pos_x": 300.0, "pos_y": 0.0, "event_type": "BeginPlay", "target_function": "ApplyGameplayEffectSpecToSelf", "target_class": "AbilitySystemComponent"}}}...
2026-02-12 00:27:24,405 - UnrealMCP_Advanced - WARNING - [unreal_mcp_server_advanced.py:314] - Command failed (attempt 1/4): Timeout after 30.0s waiting for response to add_blueprint_node (received 0 bytes)
2026-02-12 00:27:24,405 - UnrealMCP_Advanced - DEBUG - [unreal_mcp_server_advanced.py:200] - Disconnected from Unreal Engine
2026-02-12 00:27:24,405 - UnrealMCP_Advanced - INFO - [unreal_mcp_server_advanced.py:321] - Retrying command in 0.5s...
2026-02-12 00:27:24,905 - UnrealMCP_Advanced - INFO - [unreal_mcp_server_advanced.py:147] - Connecting to Unreal at 127.0.0.1:55557 (attempt 1/4)...
2026-02-12 00:27:24,921 - UnrealMCP_Advanced - INFO - [unreal_mcp_server_advanced.py:154] - Successfully connected to Unreal Engine
2026-02-12 00:27:24,921 - UnrealMCP_Advanced - INFO - [unreal_mcp_server_advanced.py:362] - Sending command (attempt 2): add_blueprint_node
2026-02-12 00:27:24,921 - UnrealMCP_Advanced - DEBUG - [unreal_mcp_server_advanced.py:363] - Command payload: {"type": "add_blueprint_node", "params": {"blueprint_name": "/Game/Blueprints/MCP/BP_MCP_Enemy", "node_type": "CallFunction", "node_params": {"pos_x": 300.0, "pos_y": 0.0, "event_type": "BeginPlay", "target_function": "ApplyGameplayEffectSpecToSelf", "target_class": "AbilitySystemComponent"}}}...
2026-02-12 00:27:25,112 - UnrealMCP_Advanced - INFO - [unreal_mcp_server_advanced.py:264] - Received complete response (73 bytes) for add_blueprint_node
2026-02-12 00:27:25,112 - UnrealMCP_Advanced - INFO - [unreal_mcp_server_advanced.py:380] - Command add_blueprint_node completed successfully
2026-02-12 00:27:25,112 - UnrealMCP_Advanced - WARNING - [unreal_mcp_server_advanced.py:385] - Unreal returned error: Failed to create CallFunction node
2026-02-12 00:27:25,112 - BlueprintGraph.NodeManager - ERROR - [node_manager.py:71] - Failed to add node: Failed to create CallFunction node
2026-02-12 00:27:25,113 - mcp.server.lowlevel.server - DEBUG - [server.py:572] - Response sent
2026-02-12 00:27:29,492 - mcp.server.lowlevel.server - DEBUG - [server.py:491] - Received message: <mcp.shared.session.RequestResponder object at 0x0000026E7B119E10>
2026-02-12 00:27:29,492 - mcp.server.lowlevel.server - INFO - [server.py:534] - Processing request of type CallToolRequest
2026-02-12 00:27:29,492 - mcp.server.lowlevel.server - DEBUG - [server.py:537] - Dispatching request of type CallToolRequest
2026-02-12 00:27:29,492 - UnrealMCP_Advanced - INFO - [unreal_mcp_server_advanced.py:147] - Connecting to Unreal at 127.0.0.1:55557 (attempt 1/4)...
2026-02-12 00:27:29,511 - UnrealMCP_Advanced - INFO - [unreal_mcp_server_advanced.py:154] - Successfully connected to Unreal Engine
2026-02-12 00:27:29,511 - UnrealMCP_Advanced - INFO - [unreal_mcp_server_advanced.py:362] - Sending command (attempt 1): add_blueprint_node
2026-02-12 00:27:29,511 - UnrealMCP_Advanced - DEBUG - [unreal_mcp_server_advanced.py:363] - Command payload: {"type": "add_blueprint_node", "params": {"blueprint_name": "/Game/Blueprints/MCP/BP_MCP_Enemy", "node_type": "Self", "node_params": {"pos_x": -300.0, "pos_y": 100.0, "event_type": "BeginPlay"}}}...
2026-02-12 00:27:29,777 - UnrealMCP_Advanced - INFO - [unreal_mcp_server_advanced.py:264] - Received complete response (156 bytes) for add_blueprint_node
2026-02-12 00:27:29,777 - UnrealMCP_Advanced - INFO - [unreal_mcp_server_advanced.py:380] - Command add_blueprint_node completed successfully
2026-02-12 00:27:29,777 - BlueprintGraph.NodeManager - ERROR - [node_manager.py:71] - Failed to add node: Unknown error
2026-02-12 00:27:29,778 - mcp.server.lowlevel.server - DEBUG - [server.py:572] - Response sent
2026-02-12 00:27:38,050 - mcp.server.lowlevel.server - DEBUG - [server.py:491] - Received message: <mcp.shared.session.RequestResponder object at 0x0000026E7B0A9570>
2026-02-12 00:27:38,050 - mcp.server.lowlevel.server - INFO - [server.py:534] - Processing request of type CallToolRequest
2026-02-12 00:27:38,050 - mcp.server.lowlevel.server - DEBUG - [server.py:537] - Dispatching request of type CallToolRequest
2026-02-12 00:27:38,050 - UnrealMCP_Advanced - INFO - [unreal_mcp_server_advanced.py:147] - Connecting to Unreal at 127.0.0.1:55557 (attempt 1/4)...
2026-02-12 00:27:38,061 - UnrealMCP_Advanced - INFO - [unreal_mcp_server_advanced.py:154] - Successfully connected to Unreal Engine
2026-02-12 00:27:38,062 - UnrealMCP_Advanced - INFO - [unreal_mcp_server_advanced.py:362] - Sending command (attempt 1): connect_nodes
2026-02-12 00:27:38,062 - UnrealMCP_Advanced - DEBUG - [unreal_mcp_server_advanced.py:363] - Command payload: {"type": "connect_nodes", "params": {"blueprint_name": "/Game/Blueprints/MCP/BP_MCP_Enemy", "source_node_id": "K2Node_Event_3", "source_pin_name": "then", "target_node_id": "K2Node_CallFunction_3", "target_pin_name": "execute"}}...
2026-02-12 00:27:38,445 - UnrealMCP_Advanced - INFO - [unreal_mcp_server_advanced.py:264] - Received complete response (52 bytes) for connect_nodes
2026-02-12 00:27:38,445 - UnrealMCP_Advanced - INFO - [unreal_mcp_server_advanced.py:380] - Command connect_nodes completed successfully
2026-02-12 00:27:38,445 - UnrealMCP_Advanced - WARNING - [unreal_mcp_server_advanced.py:385] - Unreal returned error: Pin not found
2026-02-12 00:27:38,445 - BlueprintGraph.ConnectorManager - ERROR - [connector_manager.py:74] - Failed to connect nodes: Pin not found
2026-02-12 00:27:38,445 - mcp.server.lowlevel.server - DEBUG - [server.py:572] - Response sent
2026-02-12 00:27:43,562 - mcp.server.lowlevel.server - DEBUG - [server.py:491] - Received message: <mcp.shared.session.RequestResponder object at 0x0000026E7AF69490>
2026-02-12 00:27:43,562 - mcp.server.lowlevel.server - INFO - [server.py:534] - Processing request of type CallToolRequest
2026-02-12 00:27:43,562 - mcp.server.lowlevel.server - DEBUG - [server.py:537] - Dispatching request of type CallToolRequest
2026-02-12 00:27:43,563 - UnrealMCP_Advanced - INFO - [unreal_mcp_server_advanced.py:734] - Analyzing Blueprint graph: /Game/Blueprints/MCP/BP_MCP_Enemy -> EventGraph
2026-02-12 00:27:43,563 - UnrealMCP_Advanced - INFO - [unreal_mcp_server_advanced.py:147] - Connecting to Unreal at 127.0.0.1:55557 (attempt 1/4)...
2026-02-12 00:27:43,563 - UnrealMCP_Advanced - INFO - [unreal_mcp_server_advanced.py:154] - Successfully connected to Unreal Engine
2026-02-12 00:27:43,563 - UnrealMCP_Advanced - INFO - [unreal_mcp_server_advanced.py:362] - Sending command (attempt 1): analyze_blueprint_graph
2026-02-12 00:27:43,563 - UnrealMCP_Advanced - DEBUG - [unreal_mcp_server_advanced.py:363] - Command payload: {"type": "analyze_blueprint_graph", "params": {"blueprint_path": "/Game/Blueprints/MCP/BP_MCP_Enemy", "graph_name": "EventGraph", "include_node_details": true, "include_pin_connections": true, "trace_execution_flow": true}}...
2026-02-12 00:27:43,579 - UnrealMCP_Advanced - INFO - [unreal_mcp_server_advanced.py:264] - Received complete response (1651 bytes) for analyze_blueprint_graph
2026-02-12 00:27:43,579 - UnrealMCP_Advanced - INFO - [unreal_mcp_server_advanced.py:380] - Command analyze_blueprint_graph completed successfully
2026-02-12 00:27:43,579 - mcp.server.lowlevel.server - DEBUG - [server.py:572] - Response sent
2026-02-12 00:27:48,740 - mcp.server.lowlevel.server - DEBUG - [server.py:491] - Received message: <mcp.shared.session.RequestResponder object at 0x0000026E7AF69550>
2026-02-12 00:27:48,740 - mcp.server.lowlevel.server - INFO - [server.py:534] - Processing request of type CallToolRequest
2026-02-12 00:27:48,740 - mcp.server.lowlevel.server - DEBUG - [server.py:537] - Dispatching request of type CallToolRequest
2026-02-12 00:27:48,740 - UnrealMCP_Advanced - INFO - [unreal_mcp_server_advanced.py:147] - Connecting to Unreal at 127.0.0.1:55557 (attempt 1/4)...
2026-02-12 00:27:48,755 - UnrealMCP_Advanced - INFO - [unreal_mcp_server_advanced.py:154] - Successfully connected to Unreal Engine
2026-02-12 00:27:48,755 - UnrealMCP_Advanced - INFO - [unreal_mcp_server_advanced.py:362] - Sending command (attempt 1): connect_nodes
2026-02-12 00:27:48,755 - UnrealMCP_Advanced - DEBUG - [unreal_mcp_server_advanced.py:363] - Command payload: {"type": "connect_nodes", "params": {"blueprint_name": "/Game/Blueprints/MCP/BP_MCP_Enemy", "source_node_id": "K2Node_Self_0", "source_pin_name": "self", "target_node_id": "K2Node_CallFunction_3", "target_pin_name": "Actor"}}...
2026-02-12 00:27:49,114 - UnrealMCP_Advanced - INFO - [unreal_mcp_server_advanced.py:264] - Received complete response (259 bytes) for connect_nodes
2026-02-12 00:27:49,115 - UnrealMCP_Advanced - INFO - [unreal_mcp_server_advanced.py:380] - Command connect_nodes completed successfully
2026-02-12 00:27:49,115 - BlueprintGraph.ConnectorManager - ERROR - [connector_manager.py:74] - Failed to connect nodes: Unknown error
2026-02-12 00:27:49,115 - mcp.server.lowlevel.server - DEBUG - [server.py:572] - Response sent
2026-02-12 01:11:23,032 - UnrealMCP_Advanced - DEBUG - [unreal_mcp_server_advanced.py:200] - Disconnected from Unreal Engine
2026-02-12 01:11:23,042 - UnrealMCP_Advanced - INFO - [unreal_mcp_server_advanced.py:429] - Unreal connection reset
2026-02-12 01:11:23,042 - UnrealMCP_Advanced - INFO - [unreal_mcp_server_advanced.py:441] - Unreal MCP Advanced server shut down
2026-02-12 01:11:24,603 - mcp.server.lowlevel.server - DEBUG - [server.py:145] - Initializing server 'UnrealMCP_Advanced'
2026-02-12 01:11:24,603 - mcp.server.lowlevel.server - DEBUG - [server.py:384] - Registering handler for ListToolsRequest
2026-02-12 01:11:24,603 - mcp.server.lowlevel.server - DEBUG - [server.py:406] - Registering handler for CallToolRequest
2026-02-12 01:11:24,603 - mcp.server.lowlevel.server - DEBUG - [server.py:252] - Registering handler for ListResourcesRequest
2026-02-12 01:11:24,603 - mcp.server.lowlevel.server - DEBUG - [server.py:286] - Registering handler for ReadResourceRequest
2026-02-12 01:11:24,603 - mcp.server.lowlevel.server - DEBUG - [server.py:222] - Registering handler for PromptListRequest
2026-02-12 01:11:24,603 - mcp.server.lowlevel.server - DEBUG - [server.py:239] - Registering handler for GetPromptRequest
2026-02-12 01:11:24,603 - mcp.server.lowlevel.server - DEBUG - [server.py:267] - Registering handler for ListResourceTemplatesRequest
2026-02-12 01:11:24,645 - UnrealMCP_Advanced - INFO - [unreal_mcp_server_advanced.py:2800] - Starting Advanced MCP server with stdio transport
2026-02-12 01:11:24,648 - asyncio - DEBUG - [proactor_events.py:633] - Using proactor: IocpProactor
2026-02-12 01:11:24,649 - UnrealMCP_Advanced - INFO - [unreal_mcp_server_advanced.py:434] - UnrealMCP Advanced server starting up
2026-02-12 01:11:24,649 - UnrealMCP_Advanced - INFO - [unreal_mcp_server_advanced.py:435] - Connection will be established lazily on first tool call
2026-02-12 01:11:24,655 - mcp.server.lowlevel.server - DEBUG - [server.py:491] - Received message: root=InitializedNotification(method='notifications/initialized', params=None, jsonrpc='2.0')
2026-02-12 01:11:24,656 - mcp.server.lowlevel.server - DEBUG - [server.py:491] - Received message: <mcp.shared.session.RequestResponder object at 0x0000023AAB082710>
2026-02-12 01:11:24,656 - mcp.server.lowlevel.server - INFO - [server.py:534] - Processing request of type ListToolsRequest
2026-02-12 01:11:24,656 - mcp.server.lowlevel.server - DEBUG - [server.py:537] - Dispatching request of type ListToolsRequest
2026-02-12 01:11:24,660 - mcp.server.lowlevel.server - DEBUG - [server.py:572] - Response sent
2026-02-12 01:11:24,661 - mcp.server.lowlevel.server - DEBUG - [server.py:491] - Received message: <mcp.shared.session.RequestResponder object at 0x0000023AAB082FD0>
2026-02-12 01:11:24,661 - mcp.server.lowlevel.server - INFO - [server.py:534] - Processing request of type ListPromptsRequest
2026-02-12 01:11:24,661 - mcp.server.lowlevel.server - DEBUG - [server.py:537] - Dispatching request of type ListPromptsRequest
2026-02-12 01:11:24,661 - mcp.server.lowlevel.server - DEBUG - [server.py:491] - Received message: <mcp.shared.session.RequestResponder object at 0x0000023AAAFFE060>
2026-02-12 01:11:24,661 - mcp.server.lowlevel.server - INFO - [server.py:534] - Processing request of type ListResourcesRequest
2026-02-12 01:11:24,661 - mcp.server.lowlevel.server - DEBUG - [server.py:537] - Dispatching request of type ListResourcesRequest
2026-02-12 01:11:24,662 - mcp.server.fastmcp.resources.resource_manager - DEBUG - [resource_manager.py:89] - Listing resources
2026-02-12 01:11:24,662 - mcp.server.lowlevel.server - DEBUG - [server.py:572] - Response sent
2026-02-12 01:11:24,662 - mcp.server.lowlevel.server - DEBUG - [server.py:572] - Response sent
2026-02-12 01:13:55,247 - mcp.server.lowlevel.server - DEBUG - [server.py:491] - Received message: <mcp.shared.session.RequestResponder object at 0x0000023AAAFFE780>
2026-02-12 01:13:55,247 - mcp.server.lowlevel.server - INFO - [server.py:534] - Processing request of type CallToolRequest
2026-02-12 01:13:55,247 - mcp.server.lowlevel.server - DEBUG - [server.py:537] - Dispatching request of type CallToolRequest
2026-02-12 01:13:55,247 - UnrealMCP_Advanced - INFO - [unreal_mcp_server_advanced.py:416] - Creating new UnrealConnection instance
2026-02-12 01:13:55,247 - UnrealMCP_Advanced - INFO - [unreal_mcp_server_advanced.py:147] - Connecting to Unreal at 127.0.0.1:55557 (attempt 1/4)...
2026-02-12 01:13:55,263 - UnrealMCP_Advanced - INFO - [unreal_mcp_server_advanced.py:154] - Successfully connected to Unreal Engine
2026-02-12 01:13:55,263 - UnrealMCP_Advanced - INFO - [unreal_mcp_server_advanced.py:362] - Sending command (attempt 1): find_actors_by_name
2026-02-12 01:13:55,263 - UnrealMCP_Advanced - DEBUG - [unreal_mcp_server_advanced.py:363] - Command payload: {"type": "find_actors_by_name", "params": {"pattern": "BP_MCP_Enemy"}}...
2026-02-12 01:13:55,494 - UnrealMCP_Advanced - INFO - [unreal_mcp_server_advanced.py:264] - Received complete response (63 bytes) for find_actors_by_name
2026-02-12 01:13:55,494 - UnrealMCP_Advanced - INFO - [unreal_mcp_server_advanced.py:380] - Command find_actors_by_name completed successfully
2026-02-12 01:13:55,495 - mcp.server.lowlevel.server - DEBUG - [server.py:572] - Response sent
2026-02-12 01:14:04,318 - mcp.server.lowlevel.server - DEBUG - [server.py:491] - Received message: <mcp.shared.session.RequestResponder object at 0x0000023AAB096D50>
2026-02-12 01:14:04,318 - mcp.server.lowlevel.server - INFO - [server.py:534] - Processing request of type CallToolRequest
2026-02-12 01:14:04,318 - mcp.server.lowlevel.server - DEBUG - [server.py:537] - Dispatching request of type CallToolRequest
2026-02-12 01:14:04,318 - UnrealMCP_Advanced - INFO - [unreal_mcp_server_advanced.py:147] - Connecting to Unreal at 127.0.0.1:55557 (attempt 1/4)...
2026-02-12 01:14:04,343 - UnrealMCP_Advanced - INFO - [unreal_mcp_server_advanced.py:154] - Successfully connected to Unreal Engine
2026-02-12 01:14:04,343 - UnrealMCP_Advanced - INFO - [unreal_mcp_server_advanced.py:362] - Sending command (attempt 1): get_actors_in_level
2026-02-12 01:14:04,343 - UnrealMCP_Advanced - DEBUG - [unreal_mcp_server_advanced.py:363] - Command payload: {"type": "get_actors_in_level", "params": {}}...
2026-02-12 01:14:34,346 - UnrealMCP_Advanced - WARNING - [unreal_mcp_server_advanced.py:314] - Command failed (attempt 1/4): Timeout after 30.0s waiting for response to get_actors_in_level (received 0 bytes)
2026-02-12 01:14:34,346 - UnrealMCP_Advanced - DEBUG - [unreal_mcp_server_advanced.py:200] - Disconnected from Unreal Engine
2026-02-12 01:14:34,346 - UnrealMCP_Advanced - INFO - [unreal_mcp_server_advanced.py:321] - Retrying command in 0.5s...
2026-02-12 01:14:34,846 - UnrealMCP_Advanced - INFO - [unreal_mcp_server_advanced.py:147] - Connecting to Unreal at 127.0.0.1:55557 (attempt 1/4)...
2026-02-12 01:14:34,865 - UnrealMCP_Advanced - INFO - [unreal_mcp_server_advanced.py:154] - Successfully connected to Unreal Engine
2026-02-12 01:14:34,865 - UnrealMCP_Advanced - INFO - [unreal_mcp_server_advanced.py:362] - Sending command (attempt 2): get_actors_in_level
2026-02-12 01:14:34,865 - UnrealMCP_Advanced - DEBUG - [unreal_mcp_server_advanced.py:363] - Command payload: {"type": "get_actors_in_level", "params": {}}...
2026-02-12 01:14:35,167 - UnrealMCP_Advanced - INFO - [unreal_mcp_server_advanced.py:264] - Received complete response (3462 bytes) for get_actors_in_level
2026-02-12 01:14:35,167 - UnrealMCP_Advanced - INFO - [unreal_mcp_server_advanced.py:380] - Command get_actors_in_level completed successfully
2026-02-12 01:14:35,168 - mcp.server.lowlevel.server - DEBUG - [server.py:572] - Response sent
2026-02-12 01:17:59,108 - mcp.server.lowlevel.server - DEBUG - [server.py:491] - Received message: <mcp.shared.session.RequestResponder object at 0x0000023AAAAAF460>
2026-02-12 01:17:59,108 - mcp.server.lowlevel.server - INFO - [server.py:534] - Processing request of type CallToolRequest
2026-02-12 01:17:59,108 - mcp.server.lowlevel.server - DEBUG - [server.py:537] - Dispatching request of type CallToolRequest
2026-02-12 01:17:59,108 - UnrealMCP_Advanced - INFO - [unreal_mcp_server_advanced.py:147] - Connecting to Unreal at 127.0.0.1:55557 (attempt 1/4)...
2026-02-12 01:17:59,129 - UnrealMCP_Advanced - INFO - [unreal_mcp_server_advanced.py:154] - Successfully connected to Unreal Engine
2026-02-12 01:17:59,129 - UnrealMCP_Advanced - INFO - [unreal_mcp_server_advanced.py:362] - Sending command (attempt 1): create_blueprint
2026-02-12 01:17:59,129 - UnrealMCP_Advanced - DEBUG - [unreal_mcp_server_advanced.py:363] - Command payload: {"type": "create_blueprint", "params": {"name": "BP_MCP_Enemy_Blueprint", "parent_class": "/Game/Blueprints/MCP/BP_MCP_Enemy"}}...
2026-02-12 01:18:29,144 - UnrealMCP_Advanced - WARNING - [unreal_mcp_server_advanced.py:314] - Command failed (attempt 1/4): Timeout after 30.0s waiting for response to create_blueprint (received 0 bytes)
2026-02-12 01:18:29,144 - UnrealMCP_Advanced - DEBUG - [unreal_mcp_server_advanced.py:200] - Disconnected from Unreal Engine
2026-02-12 01:18:29,144 - UnrealMCP_Advanced - INFO - [unreal_mcp_server_advanced.py:321] - Retrying command in 0.5s...
2026-02-12 01:18:29,644 - UnrealMCP_Advanced - INFO - [unreal_mcp_server_advanced.py:147] - Connecting to Unreal at 127.0.0.1:55557 (attempt 1/4)...
2026-02-12 01:18:29,663 - UnrealMCP_Advanced - INFO - [unreal_mcp_server_advanced.py:154] - Successfully connected to Unreal Engine
2026-02-12 01:18:29,663 - UnrealMCP_Advanced - INFO - [unreal_mcp_server_advanced.py:362] - Sending command (attempt 2): create_blueprint
2026-02-12 01:18:29,663 - UnrealMCP_Advanced - DEBUG - [unreal_mcp_server_advanced.py:363] - Command payload: {"type": "create_blueprint", "params": {"name": "BP_MCP_Enemy_Blueprint", "parent_class": "/Game/Blueprints/MCP/BP_MCP_Enemy"}}...
2026-02-12 01:18:29,992 - UnrealMCP_Advanced - INFO - [unreal_mcp_server_advanced.py:264] - Received complete response (141 bytes) for create_blueprint
2026-02-12 01:18:29,992 - UnrealMCP_Advanced - INFO - [unreal_mcp_server_advanced.py:380] - Command create_blueprint completed successfully
2026-02-12 01:18:29,993 - mcp.server.lowlevel.server - DEBUG - [server.py:572] - Response sent
2026-02-12 01:27:54,592 - mcp.server.lowlevel.server - DEBUG - [server.py:491] - Received message: <mcp.shared.session.RequestResponder object at 0x0000023AAB003AC0>
2026-02-12 01:27:54,592 - mcp.server.lowlevel.server - INFO - [server.py:534] - Processing request of type CallToolRequest
2026-02-12 01:27:54,592 - mcp.server.lowlevel.server - DEBUG - [server.py:537] - Dispatching request of type CallToolRequest
2026-02-12 01:27:54,592 - UnrealMCP_Advanced - INFO - [unreal_mcp_server_advanced.py:147] - Connecting to Unreal at 127.0.0.1:55557 (attempt 1/4)...
2026-02-12 01:27:54,593 - UnrealMCP_Advanced - INFO - [unreal_mcp_server_advanced.py:154] - Successfully connected to Unreal Engine
2026-02-12 01:27:54,593 - UnrealMCP_Advanced - INFO - [unreal_mcp_server_advanced.py:362] - Sending command (attempt 1): add_blueprint_node
2026-02-12 01:27:54,593 - UnrealMCP_Advanced - DEBUG - [unreal_mcp_server_advanced.py:363] - Command payload: {"type": "add_blueprint_node", "params": {"blueprint_name": "/Game/Blueprints/MCP/BP_MCP_Enemy", "node_type": "Event", "node_params": {"pos_x": -400.0, "pos_y": 200.0, "event_type": "Tick"}}}...
2026-02-12 01:27:54,875 - UnrealMCP_Advanced - INFO - [unreal_mcp_server_advanced.py:264] - Received complete response (158 bytes) for add_blueprint_node
2026-02-12 01:27:54,875 - UnrealMCP_Advanced - INFO - [unreal_mcp_server_advanced.py:380] - Command add_blueprint_node completed successfully
2026-02-12 01:27:54,875 - BlueprintGraph.NodeManager - ERROR - [node_manager.py:71] - Failed to add node: Unknown error
2026-02-12 01:27:54,876 - mcp.server.lowlevel.server - DEBUG - [server.py:572] - Response sent
2026-02-12 01:27:57,884 - mcp.server.lowlevel.server - DEBUG - [server.py:491] - Received message: <mcp.shared.session.RequestResponder object at 0x0000023AAB027950>
2026-02-12 01:27:57,884 - mcp.server.lowlevel.server - INFO - [server.py:534] - Processing request of type CallToolRequest
2026-02-12 01:27:57,884 - mcp.server.lowlevel.server - DEBUG - [server.py:537] - Dispatching request of type CallToolRequest
2026-02-12 01:27:57,884 - UnrealMCP_Advanced - INFO - [unreal_mcp_server_advanced.py:147] - Connecting to Unreal at 127.0.0.1:55557 (attempt 1/4)...
2026-02-12 01:27:57,901 - UnrealMCP_Advanced - INFO - [unreal_mcp_server_advanced.py:154] - Successfully connected to Unreal Engine
2026-02-12 01:27:57,901 - UnrealMCP_Advanced - INFO - [unreal_mcp_server_advanced.py:362] - Sending command (attempt 1): add_blueprint_node
2026-02-12 01:27:57,901 - UnrealMCP_Advanced - DEBUG - [unreal_mcp_server_advanced.py:363] - Command payload: {"type": "add_blueprint_node", "params": {"blueprint_name": "/Game/Blueprints/MCP/BP_MCP_Enemy", "node_type": "CallFunction", "node_params": {"pos_x": -100.0, "pos_y": 200.0, "event_type": "BeginPlay", "target_function": "MoveToTarget"}}}...
2026-02-12 01:28:27,916 - UnrealMCP_Advanced - WARNING - [unreal_mcp_server_advanced.py:314] - Command failed (attempt 1/4): Timeout after 30.0s waiting for response to add_blueprint_node (received 0 bytes)
2026-02-12 01:28:27,917 - UnrealMCP_Advanced - DEBUG - [unreal_mcp_server_advanced.py:200] - Disconnected from Unreal Engine
2026-02-12 01:28:27,917 - UnrealMCP_Advanced - INFO - [unreal_mcp_server_advanced.py:321] - Retrying command in 0.5s...
2026-02-12 01:28:28,417 - UnrealMCP_Advanced - INFO - [unreal_mcp_server_advanced.py:147] - Connecting to Unreal at 127.0.0.1:55557 (attempt 1/4)...
2026-02-12 01:28:28,418 - UnrealMCP_Advanced - INFO - [unreal_mcp_server_advanced.py:154] - Successfully connected to Unreal Engine
2026-02-12 01:28:28,418 - UnrealMCP_Advanced - INFO - [unreal_mcp_server_advanced.py:362] - Sending command (attempt 2): add_blueprint_node
2026-02-12 01:28:28,418 - UnrealMCP_Advanced - DEBUG - [unreal_mcp_server_advanced.py:363] - Command payload: {"type": "add_blueprint_node", "params": {"blueprint_name": "/Game/Blueprints/MCP/BP_MCP_Enemy", "node_type": "CallFunction", "node_params": {"pos_x": -100.0, "pos_y": 200.0, "event_type": "BeginPlay", "target_function": "MoveToTarget"}}}...
2026-02-12 01:28:28,634 - UnrealMCP_Advanced - INFO - [unreal_mcp_server_advanced.py:264] - Received complete response (172 bytes) for add_blueprint_node
2026-02-12 01:28:28,634 - UnrealMCP_Advanced - INFO - [unreal_mcp_server_advanced.py:380] - Command add_blueprint_node completed successfully
2026-02-12 01:28:28,634 - BlueprintGraph.NodeManager - ERROR - [node_manager.py:71] - Failed to add node: Unknown error
2026-02-12 01:28:28,634 - mcp.server.lowlevel.server - DEBUG - [server.py:572] - Response sent
2026-02-12 01:28:35,613 - mcp.server.lowlevel.server - DEBUG - [server.py:491] - Received message: <mcp.shared.session.RequestResponder object at 0x0000023AAB1B8850>
2026-02-12 01:28:35,614 - mcp.server.lowlevel.server - INFO - [server.py:534] - Processing request of type CallToolRequest
2026-02-12 01:28:35,614 - mcp.server.lowlevel.server - DEBUG - [server.py:537] - Dispatching request of type CallToolRequest
2026-02-12 01:28:35,614 - UnrealMCP_Advanced - INFO - [unreal_mcp_server_advanced.py:734] - Analyzing Blueprint graph: /Game/Blueprints/MCP/BP_MCP_Enemy -> EventGraph
2026-02-12 01:28:35,614 - UnrealMCP_Advanced - INFO - [unreal_mcp_server_advanced.py:147] - Connecting to Unreal at 127.0.0.1:55557 (attempt 1/4)...
2026-02-12 01:28:35,637 - UnrealMCP_Advanced - INFO - [unreal_mcp_server_advanced.py:154] - Successfully connected to Unreal Engine
2026-02-12 01:28:35,638 - UnrealMCP_Advanced - INFO - [unreal_mcp_server_advanced.py:362] - Sending command (attempt 1): analyze_blueprint_graph
2026-02-12 01:28:35,638 - UnrealMCP_Advanced - DEBUG - [unreal_mcp_server_advanced.py:363] - Command payload: {"type": "analyze_blueprint_graph", "params": {"blueprint_path": "/Game/Blueprints/MCP/BP_MCP_Enemy", "graph_name": "EventGraph", "include_node_details": true, "include_pin_connections": true, "trace_execution_flow": true}}...
2026-02-12 01:28:35,966 - UnrealMCP_Advanced - INFO - [unreal_mcp_server_advanced.py:264] - Received complete response (1591 bytes) for analyze_blueprint_graph
2026-02-12 01:28:35,966 - UnrealMCP_Advanced - INFO - [unreal_mcp_server_advanced.py:380] - Command analyze_blueprint_graph completed successfully
2026-02-12 01:28:35,966 - mcp.server.lowlevel.server - DEBUG - [server.py:572] - Response sent
2026-02-12 01:28:45,769 - mcp.server.lowlevel.server - DEBUG - [server.py:491] - Received message: <mcp.shared.session.RequestResponder object at 0x0000023AAB1B5130>
2026-02-12 01:28:45,769 - mcp.server.lowlevel.server - INFO - [server.py:534] - Processing request of type CallToolRequest
2026-02-12 01:28:45,769 - mcp.server.lowlevel.server - DEBUG - [server.py:537] - Dispatching request of type CallToolRequest
2026-02-12 01:28:45,769 - UnrealMCP_Advanced - INFO - [unreal_mcp_server_advanced.py:147] - Connecting to Unreal at 127.0.0.1:55557 (attempt 1/4)...
2026-02-12 01:28:45,787 - UnrealMCP_Advanced - INFO - [unreal_mcp_server_advanced.py:154] - Successfully connected to Unreal Engine
2026-02-12 01:28:45,787 - UnrealMCP_Advanced - INFO - [unreal_mcp_server_advanced.py:362] - Sending command (attempt 1): connect_nodes
2026-02-12 01:28:45,787 - UnrealMCP_Advanced - DEBUG - [unreal_mcp_server_advanced.py:363] - Command payload: {"type": "connect_nodes", "params": {"blueprint_name": "/Game/Blueprints/MCP/BP_MCP_Enemy", "source_node_id": "K2Node_Event_0", "source_pin_name": "then", "target_node_id": "K2Node_CallFunction_0", "target_pin_name": "execute"}}...
2026-02-12 01:28:46,054 - UnrealMCP_Advanced - INFO - [unreal_mcp_server_advanced.py:264] - Received complete response (260 bytes) for connect_nodes
2026-02-12 01:28:46,054 - UnrealMCP_Advanced - INFO - [unreal_mcp_server_advanced.py:380] - Command connect_nodes completed successfully
2026-02-12 01:28:46,054 - BlueprintGraph.ConnectorManager - ERROR - [connector_manager.py:74] - Failed to connect nodes: Unknown error
2026-02-12 01:28:46,054 - mcp.server.lowlevel.server - DEBUG - [server.py:572] - Response sent
2026-02-12 01:28:54,496 - mcp.server.lowlevel.server - DEBUG - [server.py:491] - Received message: <mcp.shared.session.RequestResponder object at 0x0000023AAB1B5310>
2026-02-12 01:28:54,496 - mcp.server.lowlevel.server - INFO - [server.py:534] - Processing request of type CallToolRequest
2026-02-12 01:28:54,496 - mcp.server.lowlevel.server - DEBUG - [server.py:537] - Dispatching request of type CallToolRequest
2026-02-12 01:28:54,497 - UnrealMCP_Advanced - INFO - [unreal_mcp_server_advanced.py:147] - Connecting to Unreal at 127.0.0.1:55557 (attempt 1/4)...
2026-02-12 01:28:54,497 - UnrealMCP_Advanced - INFO - [unreal_mcp_server_advanced.py:154] - Successfully connected to Unreal Engine
2026-02-12 01:28:54,497 - UnrealMCP_Advanced - INFO - [unreal_mcp_server_advanced.py:362] - Sending command (attempt 1): connect_nodes
2026-02-12 01:28:54,497 - UnrealMCP_Advanced - DEBUG - [unreal_mcp_server_advanced.py:363] - Command payload: {"type": "connect_nodes", "params": {"blueprint_name": "/Game/Blueprints/MCP/BP_MCP_Enemy", "source_node_id": "K2Node_Event_0", "source_pin_name": "DeltaSeconds", "target_node_id": "K2Node_CallFunction_0", "target_pin_name": "DeltaTime"}}...
2026-02-12 01:28:54,721 - UnrealMCP_Advanced - INFO - [unreal_mcp_server_advanced.py:264] - Received complete response (270 bytes) for connect_nodes
2026-02-12 01:28:54,721 - UnrealMCP_Advanced - INFO - [unreal_mcp_server_advanced.py:380] - Command connect_nodes completed successfully
2026-02-12 01:28:54,721 - BlueprintGraph.ConnectorManager - ERROR - [connector_manager.py:74] - Failed to connect nodes: Unknown error
2026-02-12 01:28:54,721 - mcp.server.lowlevel.server - DEBUG - [server.py:572] - Response sent
2026-02-12 01:29:04,061 - mcp.server.lowlevel.server - DEBUG - [server.py:491] - Received message: <mcp.shared.session.RequestResponder object at 0x0000023AAB1D6350>
2026-02-12 01:29:04,061 - mcp.server.lowlevel.server - INFO - [server.py:534] - Processing request of type CallToolRequest
2026-02-12 01:29:04,061 - mcp.server.lowlevel.server - DEBUG - [server.py:537] - Dispatching request of type CallToolRequest
2026-02-12 01:29:04,061 - UnrealMCP_Advanced - INFO - [unreal_mcp_server_advanced.py:147] - Connecting to Unreal at 127.0.0.1:55557 (attempt 1/4)...
2026-02-12 01:29:04,084 - UnrealMCP_Advanced - INFO - [unreal_mcp_server_advanced.py:154] - Successfully connected to Unreal Engine
2026-02-12 01:29:04,084 - UnrealMCP_Advanced - INFO - [unreal_mcp_server_advanced.py:362] - Sending command (attempt 1): compile_blueprint
2026-02-12 01:29:04,084 - UnrealMCP_Advanced - DEBUG - [unreal_mcp_server_advanced.py:363] - Command payload: {"type": "compile_blueprint", "params": {"blueprint_name": "/Game/Blueprints/MCP/BP_MCP_Enemy"}}...
2026-02-12 01:29:34,085 - UnrealMCP_Advanced - WARNING - [unreal_mcp_server_advanced.py:314] - Command failed (attempt 1/4): Timeout after 30.0s waiting for response to compile_blueprint (received 0 bytes)
2026-02-12 01:29:34,085 - UnrealMCP_Advanced - DEBUG - [unreal_mcp_server_advanced.py:200] - Disconnected from Unreal Engine
2026-02-12 01:29:34,085 - UnrealMCP_Advanced - INFO - [unreal_mcp_server_advanced.py:321] - Retrying command in 0.5s...
2026-02-12 01:29:34,585 - UnrealMCP_Advanced - INFO - [unreal_mcp_server_advanced.py:147] - Connecting to Unreal at 127.0.0.1:55557 (attempt 1/4)...
2026-02-12 01:29:34,606 - UnrealMCP_Advanced - INFO - [unreal_mcp_server_advanced.py:154] - Successfully connected to Unreal Engine
2026-02-12 01:29:34,606 - UnrealMCP_Advanced - INFO - [unreal_mcp_server_advanced.py:362] - Sending command (attempt 2): compile_blueprint
2026-02-12 01:29:34,606 - UnrealMCP_Advanced - DEBUG - [unreal_mcp_server_advanced.py:363] - Command payload: {"type": "compile_blueprint", "params": {"blueprint_name": "/Game/Blueprints/MCP/BP_MCP_Enemy"}}...
2026-02-12 01:29:34,723 - UnrealMCP_Advanced - INFO - [unreal_mcp_server_advanced.py:264] - Received complete response (115 bytes) for compile_blueprint
2026-02-12 01:29:34,723 - UnrealMCP_Advanced - INFO - [unreal_mcp_server_advanced.py:380] - Command compile_blueprint completed successfully
2026-02-12 01:29:34,724 - mcp.server.lowlevel.server - DEBUG - [server.py:572] - Response sent
2026-02-12 01:31:29,570 - mcp.server.lowlevel.server - DEBUG - [server.py:491] - Received message: <mcp.shared.session.RequestResponder object at 0x0000023AAB1D5C50>
2026-02-12 01:31:29,570 - mcp.server.lowlevel.server - INFO - [server.py:534] - Processing request of type CallToolRequest
2026-02-12 01:31:29,570 - mcp.server.lowlevel.server - DEBUG - [server.py:537] - Dispatching request of type CallToolRequest
2026-02-12 01:31:29,570 - UnrealMCP_Advanced - INFO - [unreal_mcp_server_advanced.py:734] - Analyzing Blueprint graph: /Game/Blueprints/MCP/BP_MCP_Enemy -> EventGraph
2026-02-12 01:31:29,570 - UnrealMCP_Advanced - INFO - [unreal_mcp_server_advanced.py:147] - Connecting to Unreal at 127.0.0.1:55557 (attempt 1/4)...
2026-02-12 01:31:29,592 - UnrealMCP_Advanced - INFO - [unreal_mcp_server_advanced.py:154] - Successfully connected to Unreal Engine
2026-02-12 01:31:29,592 - UnrealMCP_Advanced - INFO - [unreal_mcp_server_advanced.py:362] - Sending command (attempt 1): analyze_blueprint_graph
2026-02-12 01:31:29,592 - UnrealMCP_Advanced - DEBUG - [unreal_mcp_server_advanced.py:363] - Command payload: {"type": "analyze_blueprint_graph", "params": {"blueprint_path": "/Game/Blueprints/MCP/BP_MCP_Enemy", "graph_name": "EventGraph", "include_node_details": true, "include_pin_connections": true, "trace_execution_flow": true}}...
2026-02-12 01:31:29,804 - UnrealMCP_Advanced - INFO - [unreal_mcp_server_advanced.py:264] - Received complete response (252 bytes) for analyze_blueprint_graph
2026-02-12 01:31:29,805 - UnrealMCP_Advanced - INFO - [unreal_mcp_server_advanced.py:380] - Command analyze_blueprint_graph completed successfully
2026-02-12 01:31:29,805 - mcp.server.lowlevel.server - DEBUG - [server.py:572] - Response sent
2026-02-12 01:31:33,722 - mcp.server.lowlevel.server - DEBUG - [server.py:491] - Received message: <mcp.shared.session.RequestResponder object at 0x0000023AAB166B60>
2026-02-12 01:31:33,722 - mcp.server.lowlevel.server - INFO - [server.py:534] - Processing request of type CallToolRequest
2026-02-12 01:31:33,722 - mcp.server.lowlevel.server - DEBUG - [server.py:537] - Dispatching request of type CallToolRequest
2026-02-12 01:31:33,722 - UnrealMCP_Advanced - INFO - [unreal_mcp_server_advanced.py:147] - Connecting to Unreal at 127.0.0.1:55557 (attempt 1/4)...
2026-02-12 01:31:33,747 - UnrealMCP_Advanced - INFO - [unreal_mcp_server_advanced.py:154] - Successfully connected to Unreal Engine
2026-02-12 01:31:33,748 - UnrealMCP_Advanced - INFO - [unreal_mcp_server_advanced.py:362] - Sending command (attempt 1): add_blueprint_node
2026-02-12 01:31:33,748 - UnrealMCP_Advanced - DEBUG - [unreal_mcp_server_advanced.py:363] - Command payload: {"type": "add_blueprint_node", "params": {"blueprint_name": "/Game/Blueprints/MCP/BP_MCP_Enemy", "node_type": "Event", "node_params": {"pos_x": -400.0, "pos_y": 0.0, "event_type": "Tick"}}}...
2026-02-12 01:32:03,755 - UnrealMCP_Advanced - WARNING - [unreal_mcp_server_advanced.py:314] - Command failed (attempt 1/4): Timeout after 30.0s waiting for response to add_blueprint_node (received 0 bytes)
2026-02-12 01:32:03,755 - UnrealMCP_Advanced - DEBUG - [unreal_mcp_server_advanced.py:200] - Disconnected from Unreal Engine
2026-02-12 01:32:03,755 - UnrealMCP_Advanced - INFO - [unreal_mcp_server_advanced.py:321] - Retrying command in 0.5s...
2026-02-12 01:32:04,255 - UnrealMCP_Advanced - INFO - [unreal_mcp_server_advanced.py:147] - Connecting to Unreal at 127.0.0.1:55557 (attempt 1/4)...
2026-02-12 01:32:04,256 - UnrealMCP_Advanced - INFO - [unreal_mcp_server_advanced.py:154] - Successfully connected to Unreal Engine
2026-02-12 01:32:04,256 - UnrealMCP_Advanced - INFO - [unreal_mcp_server_advanced.py:362] - Sending command (attempt 2): add_blueprint_node
2026-02-12 01:32:04,256 - UnrealMCP_Advanced - DEBUG - [unreal_mcp_server_advanced.py:363] - Command payload: {"type": "add_blueprint_node", "params": {"blueprint_name": "/Game/Blueprints/MCP/BP_MCP_Enemy", "node_type": "Event", "node_params": {"pos_x": -400.0, "pos_y": 0.0, "event_type": "Tick"}}}...
2026-02-12 01:32:04,476 - UnrealMCP_Advanced - INFO - [unreal_mcp_server_advanced.py:264] - Received complete response (156 bytes) for add_blueprint_node
2026-02-12 01:32:04,476 - UnrealMCP_Advanced - INFO - [unreal_mcp_server_advanced.py:380] - Command add_blueprint_node completed successfully
2026-02-12 01:32:04,476 - BlueprintGraph.NodeManager - ERROR - [node_manager.py:71] - Failed to add node: Unknown error
2026-02-12 01:32:04,477 - mcp.server.lowlevel.server - DEBUG - [server.py:572] - Response sent
2026-02-12 01:32:07,104 - mcp.server.lowlevel.server - DEBUG - [server.py:491] - Received message: <mcp.shared.session.RequestResponder object at 0x0000023AAB029490>
2026-02-12 01:32:07,104 - mcp.server.lowlevel.server - INFO - [server.py:534] - Processing request of type CallToolRequest
2026-02-12 01:32:07,104 - mcp.server.lowlevel.server - DEBUG - [server.py:537] - Dispatching request of type CallToolRequest
2026-02-12 01:32:07,104 - UnrealMCP_Advanced - INFO - [unreal_mcp_server_advanced.py:147] - Connecting to Unreal at 127.0.0.1:55557 (attempt 1/4)...
2026-02-12 01:32:07,124 - UnrealMCP_Advanced - INFO - [unreal_mcp_server_advanced.py:154] - Successfully connected to Unreal Engine
2026-02-12 01:32:07,124 - UnrealMCP_Advanced - INFO - [unreal_mcp_server_advanced.py:362] - Sending command (attempt 1): add_blueprint_node
2026-02-12 01:32:07,124 - UnrealMCP_Advanced - DEBUG - [unreal_mcp_server_advanced.py:363] - Command payload: {"type": "add_blueprint_node", "params": {"blueprint_name": "/Game/Blueprints/MCP/BP_MCP_Enemy", "node_type": "CallFunction", "node_params": {"pos_x": -100.0, "pos_y": 0.0, "event_type": "BeginPlay", "target_function": "MoveToTarget"}}}...
2026-02-12 01:32:07,477 - UnrealMCP_Advanced - INFO - [unreal_mcp_server_advanced.py:264] - Received complete response (170 bytes) for add_blueprint_node
2026-02-12 01:32:07,477 - UnrealMCP_Advanced - INFO - [unreal_mcp_server_advanced.py:380] - Command add_blueprint_node completed successfully
2026-02-12 01:32:07,478 - BlueprintGraph.NodeManager - ERROR - [node_manager.py:71] - Failed to add node: Unknown error
2026-02-12 01:32:07,478 - mcp.server.lowlevel.server - DEBUG - [server.py:572] - Response sent
2026-02-12 01:32:10,223 - mcp.server.lowlevel.server - DEBUG - [server.py:491] - Received message: <mcp.shared.session.RequestResponder object at 0x0000023AAB029910>
2026-02-12 01:32:10,224 - mcp.server.lowlevel.server - INFO - [server.py:534] - Processing request of type CallToolRequest
2026-02-12 01:32:10,224 - mcp.server.lowlevel.server - DEBUG - [server.py:537] - Dispatching request of type CallToolRequest
2026-02-12 01:32:10,224 - UnrealMCP_Advanced - INFO - [unreal_mcp_server_advanced.py:147] - Connecting to Unreal at 127.0.0.1:55557 (attempt 1/4)...
2026-02-12 01:32:10,246 - UnrealMCP_Advanced - INFO - [unreal_mcp_server_advanced.py:154] - Successfully connected to Unreal Engine
2026-02-12 01:32:10,246 - UnrealMCP_Advanced - INFO - [unreal_mcp_server_advanced.py:362] - Sending command (attempt 1): connect_nodes
2026-02-12 01:32:10,246 - UnrealMCP_Advanced - DEBUG - [unreal_mcp_server_advanced.py:363] - Command payload: {"type": "connect_nodes", "params": {"blueprint_name": "/Game/Blueprints/MCP/BP_MCP_Enemy", "source_node_id": "K2Node_Event_1", "source_pin_name": "then", "target_node_id": "K2Node_CallFunction_1", "target_pin_name": "execute"}}...
2026-02-12 01:32:10,335 - UnrealMCP_Advanced - INFO - [unreal_mcp_server_advanced.py:264] - Received complete response (260 bytes) for connect_nodes
2026-02-12 01:32:10,335 - UnrealMCP_Advanced - INFO - [unreal_mcp_server_advanced.py:380] - Command connect_nodes completed successfully
2026-02-12 01:32:10,335 - BlueprintGraph.ConnectorManager - ERROR - [connector_manager.py:74] - Failed to connect nodes: Unknown error
2026-02-12 01:32:10,336 - mcp.server.lowlevel.server - DEBUG - [server.py:572] - Response sent
2026-02-12 01:32:15,141 - mcp.server.lowlevel.server - DEBUG - [server.py:491] - Received message: <mcp.shared.session.RequestResponder object at 0x0000023AAAFDF6A0>
2026-02-12 01:32:15,141 - mcp.server.lowlevel.server - INFO - [server.py:534] - Processing request of type CallToolRequest
2026-02-12 01:32:15,141 - mcp.server.lowlevel.server - DEBUG - [server.py:537] - Dispatching request of type CallToolRequest
2026-02-12 01:32:15,141 - UnrealMCP_Advanced - INFO - [unreal_mcp_server_advanced.py:147] - Connecting to Unreal at 127.0.0.1:55557 (attempt 1/4)...
2026-02-12 01:32:15,154 - UnrealMCP_Advanced - INFO - [unreal_mcp_server_advanced.py:154] - Successfully connected to Unreal Engine
2026-02-12 01:32:15,154 - UnrealMCP_Advanced - INFO - [unreal_mcp_server_advanced.py:362] - Sending command (attempt 1): connect_nodes
2026-02-12 01:32:15,154 - UnrealMCP_Advanced - DEBUG - [unreal_mcp_server_advanced.py:363] - Command payload: {"type": "connect_nodes", "params": {"blueprint_name": "/Game/Blueprints/MCP/BP_MCP_Enemy", "source_node_id": "K2Node_Event_1", "source_pin_name": "DeltaSeconds", "target_node_id": "K2Node_CallFunction_1", "target_pin_name": "DeltaTime"}}...
2026-02-12 01:32:15,330 - UnrealMCP_Advanced - INFO - [unreal_mcp_server_advanced.py:264] - Received complete response (270 bytes) for connect_nodes
2026-02-12 01:32:15,330 - UnrealMCP_Advanced - INFO - [unreal_mcp_server_advanced.py:380] - Command connect_nodes completed successfully
2026-02-12 01:32:15,330 - BlueprintGraph.ConnectorManager - ERROR - [connector_manager.py:74] - Failed to connect nodes: Unknown error
2026-02-12 01:32:15,331 - mcp.server.lowlevel.server - DEBUG - [server.py:572] - Response sent
2026-02-12 01:32:18,135 - mcp.server.lowlevel.server - DEBUG - [server.py:491] - Received message: <mcp.shared.session.RequestResponder object at 0x0000023AAAFDFC20>
2026-02-12 01:32:18,135 - mcp.server.lowlevel.server - INFO - [server.py:534] - Processing request of type CallToolRequest
2026-02-12 01:32:18,135 - mcp.server.lowlevel.server - DEBUG - [server.py:537] - Dispatching request of type CallToolRequest
2026-02-12 01:32:18,135 - UnrealMCP_Advanced - INFO - [unreal_mcp_server_advanced.py:147] - Connecting to Unreal at 127.0.0.1:55557 (attempt 1/4)...
2026-02-12 01:32:18,146 - UnrealMCP_Advanced - INFO - [unreal_mcp_server_advanced.py:154] - Successfully connected to Unreal Engine
2026-02-12 01:32:18,146 - UnrealMCP_Advanced - INFO - [unreal_mcp_server_advanced.py:362] - Sending command (attempt 1): compile_blueprint
2026-02-12 01:32:18,146 - UnrealMCP_Advanced - DEBUG - [unreal_mcp_server_advanced.py:363] - Command payload: {"type": "compile_blueprint", "params": {"blueprint_name": "/Game/Blueprints/MCP/BP_MCP_Enemy"}}...
2026-02-12 01:32:48,148 - UnrealMCP_Advanced - WARNING - [unreal_mcp_server_advanced.py:314] - Command failed (attempt 1/4): Timeout after 30.0s waiting for response to compile_blueprint (received 0 bytes)
2026-02-12 01:32:48,148 - UnrealMCP_Advanced - DEBUG - [unreal_mcp_server_advanced.py:200] - Disconnected from Unreal Engine
2026-02-12 01:32:48,148 - UnrealMCP_Advanced - INFO - [unreal_mcp_server_advanced.py:321] - Retrying command in 0.5s...
2026-02-12 01:32:48,649 - UnrealMCP_Advanced - INFO - [unreal_mcp_server_advanced.py:147] - Connecting to Unreal at 127.0.0.1:55557 (attempt 1/4)...
2026-02-12 01:32:48,663 - UnrealMCP_Advanced - INFO - [unreal_mcp_server_advanced.py:154] - Successfully connected to Unreal Engine
2026-02-12 01:32:48,663 - UnrealMCP_Advanced - INFO - [unreal_mcp_server_advanced.py:362] - Sending command (attempt 2): compile_blueprint
2026-02-12 01:32:48,663 - UnrealMCP_Advanced - DEBUG - [unreal_mcp_server_advanced.py:363] - Command payload: {"type": "compile_blueprint", "params": {"blueprint_name": "/Game/Blueprints/MCP/BP_MCP_Enemy"}}...
2026-02-12 01:32:48,748 - UnrealMCP_Advanced - INFO - [unreal_mcp_server_advanced.py:264] - Received complete response (115 bytes) for compile_blueprint
2026-02-12 01:32:48,748 - UnrealMCP_Advanced - INFO - [unreal_mcp_server_advanced.py:380] - Command compile_blueprint completed successfully
2026-02-12 01:32:48,749 - mcp.server.lowlevel.server - DEBUG - [server.py:572] - Response sent
2026-02-12 01:36:57,589 - mcp.server.lowlevel.server - DEBUG - [server.py:491] - Received message: <mcp.shared.session.RequestResponder object at 0x0000023AAB1CE670>
2026-02-12 01:36:57,590 - mcp.server.lowlevel.server - INFO - [server.py:534] - Processing request of type CallToolRequest
2026-02-12 01:36:57,590 - mcp.server.lowlevel.server - DEBUG - [server.py:537] - Dispatching request of type CallToolRequest
2026-02-12 01:36:57,590 - UnrealMCP_Advanced - INFO - [unreal_mcp_server_advanced.py:147] - Connecting to Unreal at 127.0.0.1:55557 (attempt 1/4)...
2026-02-12 01:36:57,602 - UnrealMCP_Advanced - INFO - [unreal_mcp_server_advanced.py:154] - Successfully connected to Unreal Engine
2026-02-12 01:36:57,602 - UnrealMCP_Advanced - INFO - [unreal_mcp_server_advanced.py:362] - Sending command (attempt 1): create_blueprint
2026-02-12 01:36:57,602 - UnrealMCP_Advanced - DEBUG - [unreal_mcp_server_advanced.py:363] - Command payload: {"type": "create_blueprint", "params": {"name": "BP_MCP_Enemy01", "parent_class": "/Game/Blueprints/MCP/BP_MCP_Enemy"}}...
2026-02-12 01:36:57,758 - UnrealMCP_Advanced - INFO - [unreal_mcp_server_advanced.py:264] - Received complete response (125 bytes) for create_blueprint
2026-02-12 01:36:57,758 - UnrealMCP_Advanced - INFO - [unreal_mcp_server_advanced.py:380] - Command create_blueprint completed successfully
2026-02-12 01:36:57,759 - mcp.server.lowlevel.server - DEBUG - [server.py:572] - Response sent
2026-02-12 01:52:03,472 - mcp.server.lowlevel.server - DEBUG - [server.py:491] - Received message: <mcp.shared.session.RequestResponder object at 0x0000023AAB1CE0D0>
2026-02-12 01:52:03,472 - mcp.server.lowlevel.server - INFO - [server.py:534] - Processing request of type CallToolRequest
2026-02-12 01:52:03,472 - mcp.server.lowlevel.server - DEBUG - [server.py:537] - Dispatching request of type CallToolRequest
2026-02-12 01:52:03,472 - UnrealMCP_Advanced - INFO - [unreal_mcp_server_advanced.py:147] - Connecting to Unreal at 127.0.0.1:55557 (attempt 1/4)...
2026-02-12 01:52:03,473 - UnrealMCP_Advanced - INFO - [unreal_mcp_server_advanced.py:154] - Successfully connected to Unreal Engine
2026-02-12 01:52:03,473 - UnrealMCP_Advanced - INFO - [unreal_mcp_server_advanced.py:362] - Sending command (attempt 1): create_blueprint
2026-02-12 01:52:03,473 - UnrealMCP_Advanced - DEBUG - [unreal_mcp_server_advanced.py:363] - Command payload: {"type": "create_blueprint", "params": {"name": "BP_MCP_Enemy02", "parent_class": "/Game/Blueprints/MCP/BP_MCP_Enemy"}}...
2026-02-12 01:52:03,620 - UnrealMCP_Advanced - INFO - [unreal_mcp_server_advanced.py:264] - Received complete response (125 bytes) for create_blueprint
2026-02-12 01:52:03,621 - UnrealMCP_Advanced - INFO - [unreal_mcp_server_advanced.py:380] - Command create_blueprint completed successfully
2026-02-12 01:52:03,621 - mcp.server.lowlevel.server - DEBUG - [server.py:572] - Response sent
2026-02-12 02:01:54,831 - mcp.server.lowlevel.server - DEBUG - [server.py:491] - Received message: <mcp.shared.session.RequestResponder object at 0x0000023AAAFDB770>
2026-02-12 02:01:54,831 - mcp.server.lowlevel.server - INFO - [server.py:534] - Processing request of type CallToolRequest
2026-02-12 02:01:54,831 - mcp.server.lowlevel.server - DEBUG - [server.py:537] - Dispatching request of type CallToolRequest
2026-02-12 02:01:54,831 - UnrealMCP_Advanced - INFO - [unreal_mcp_server_advanced.py:147] - Connecting to Unreal at 127.0.0.1:55557 (attempt 1/4)...
2026-02-12 02:01:54,845 - UnrealMCP_Advanced - INFO - [unreal_mcp_server_advanced.py:154] - Successfully connected to Unreal Engine
2026-02-12 02:01:54,845 - UnrealMCP_Advanced - INFO - [unreal_mcp_server_advanced.py:362] - Sending command (attempt 1): add_blueprint_node
2026-02-12 02:01:54,845 - UnrealMCP_Advanced - DEBUG - [unreal_mcp_server_advanced.py:363] - Command payload: {"type": "add_blueprint_node", "params": {"blueprint_name": "/Game/Blueprints/MCP/BP_MCP_Enemy02", "node_type": "Event", "node_params": {"pos_x": -600.0, "pos_y": 0.0, "event_type": "BeginPlay"}}}...
2026-02-12 02:01:55,100 - UnrealMCP_Advanced - INFO - [unreal_mcp_server_advanced.py:264] - Received complete response (156 bytes) for add_blueprint_node
2026-02-12 02:01:55,100 - UnrealMCP_Advanced - INFO - [unreal_mcp_server_advanced.py:380] - Command add_blueprint_node completed successfully
2026-02-12 02:01:55,100 - BlueprintGraph.NodeManager - ERROR - [node_manager.py:71] - Failed to add node: Unknown error
2026-02-12 02:01:55,100 - mcp.server.lowlevel.server - DEBUG - [server.py:572] - Response sent
2026-02-12 02:01:59,361 - mcp.server.lowlevel.server - DEBUG - [server.py:491] - Received message: <mcp.shared.session.RequestResponder object at 0x0000023AAB19C560>
2026-02-12 02:01:59,361 - mcp.server.lowlevel.server - INFO - [server.py:534] - Processing request of type CallToolRequest
2026-02-12 02:01:59,361 - mcp.server.lowlevel.server - DEBUG - [server.py:537] - Dispatching request of type CallToolRequest
2026-02-12 02:01:59,361 - UnrealMCP_Advanced - INFO - [unreal_mcp_server_advanced.py:147] - Connecting to Unreal at 127.0.0.1:55557 (attempt 1/4)...
2026-02-12 02:01:59,376 - UnrealMCP_Advanced - INFO - [unreal_mcp_server_advanced.py:154] - Successfully connected to Unreal Engine
2026-02-12 02:01:59,376 - UnrealMCP_Advanced - INFO - [unreal_mcp_server_advanced.py:362] - Sending command (attempt 1): add_blueprint_node
2026-02-12 02:01:59,376 - UnrealMCP_Advanced - DEBUG - [unreal_mcp_server_advanced.py:363] - Command payload: {"type": "add_blueprint_node", "params": {"blueprint_name": "/Game/Blueprints/MCP/BP_MCP_Enemy02", "node_type": "CallFunction", "node_params": {"pos_x": -300.0, "pos_y": 0.0, "event_type": "BeginPlay", "target_function": "Delay", "target_class": "KismetSystemLibrary"}}}...
2026-02-12 02:01:59,434 - UnrealMCP_Advanced - INFO - [unreal_mcp_server_advanced.py:264] - Received complete response (170 bytes) for add_blueprint_node
2026-02-12 02:01:59,434 - UnrealMCP_Advanced - INFO - [unreal_mcp_server_advanced.py:380] - Command add_blueprint_node completed successfully
2026-02-12 02:01:59,434 - BlueprintGraph.NodeManager - ERROR - [node_manager.py:71] - Failed to add node: Unknown error
2026-02-12 02:01:59,434 - mcp.server.lowlevel.server - DEBUG - [server.py:572] - Response sent
2026-02-12 02:02:03,184 - mcp.server.lowlevel.server - DEBUG - [server.py:491] - Received message: <mcp.shared.session.RequestResponder object at 0x0000023AAB19C440>
2026-02-12 02:02:03,185 - mcp.server.lowlevel.server - INFO - [server.py:534] - Processing request of type CallToolRequest
2026-02-12 02:02:03,185 - mcp.server.lowlevel.server - DEBUG - [server.py:537] - Dispatching request of type CallToolRequest
2026-02-12 02:02:03,185 - UnrealMCP_Advanced - INFO - [unreal_mcp_server_advanced.py:147] - Connecting to Unreal at 127.0.0.1:55557 (attempt 1/4)...
2026-02-12 02:02:03,185 - UnrealMCP_Advanced - INFO - [unreal_mcp_server_advanced.py:154] - Successfully connected to Unreal Engine
2026-02-12 02:02:03,186 - UnrealMCP_Advanced - INFO - [unreal_mcp_server_advanced.py:362] - Sending command (attempt 1): add_blueprint_node
2026-02-12 02:02:03,186 - UnrealMCP_Advanced - DEBUG - [unreal_mcp_server_advanced.py:363] - Command payload: {"type": "add_blueprint_node", "params": {"blueprint_name": "/Game/Blueprints/MCP/BP_MCP_Enemy02", "node_type": "CallFunction", "node_params": {"pos_x": 0.0, "pos_y": 0.0, "event_type": "BeginPlay", "target_function": "GetCharacterMovement", "target_class": "Character"}}}...
2026-02-12 02:02:03,254 - UnrealMCP_Advanced - INFO - [unreal_mcp_server_advanced.py:264] - Received complete response (73 bytes) for add_blueprint_node
2026-02-12 02:02:03,254 - UnrealMCP_Advanced - INFO - [unreal_mcp_server_advanced.py:380] - Command add_blueprint_node completed successfully
2026-02-12 02:02:03,254 - UnrealMCP_Advanced - WARNING - [unreal_mcp_server_advanced.py:385] - Unreal returned error: Failed to create CallFunction node
2026-02-12 02:02:03,255 - BlueprintGraph.NodeManager - ERROR - [node_manager.py:71] - Failed to add node: Failed to create CallFunction node
2026-02-12 02:02:03,255 - mcp.server.lowlevel.server - DEBUG - [server.py:572] - Response sent
2026-02-12 02:02:06,599 - mcp.server.lowlevel.server - DEBUG - [server.py:491] - Received message: <mcp.shared.session.RequestResponder object at 0x0000023AAAFDB770>
2026-02-12 02:02:06,599 - mcp.server.lowlevel.server - INFO - [server.py:534] - Processing request of type CallToolRequest
2026-02-12 02:02:06,599 - mcp.server.lowlevel.server - DEBUG - [server.py:537] - Dispatching request of type CallToolRequest
2026-02-12 02:02:06,599 - UnrealMCP_Advanced - INFO - [unreal_mcp_server_advanced.py:147] - Connecting to Unreal at 127.0.0.1:55557 (attempt 1/4)...
2026-02-12 02:02:06,616 - UnrealMCP_Advanced - INFO - [unreal_mcp_server_advanced.py:154] - Successfully connected to Unreal Engine
2026-02-12 02:02:06,617 - UnrealMCP_Advanced - INFO - [unreal_mcp_server_advanced.py:362] - Sending command (attempt 1): add_blueprint_node
2026-02-12 02:02:06,617 - UnrealMCP_Advanced - DEBUG - [unreal_mcp_server_advanced.py:363] - Command payload: {"type": "add_blueprint_node", "params": {"blueprint_name": "/Game/Blueprints/MCP/BP_MCP_Enemy02", "node_type": "VariableGet", "node_params": {"pos_x": 0.0, "pos_y": 100.0, "event_type": "BeginPlay", "variable_name": "CharacterMovement"}}}...
2026-02-12 02:02:06,730 - UnrealMCP_Advanced - INFO - [unreal_mcp_server_advanced.py:264] - Received complete response (167 bytes) for add_blueprint_node
2026-02-12 02:02:06,730 - UnrealMCP_Advanced - INFO - [unreal_mcp_server_advanced.py:380] - Command add_blueprint_node completed successfully
2026-02-12 02:02:06,730 - BlueprintGraph.NodeManager - ERROR - [node_manager.py:71] - Failed to add node: Unknown error
2026-02-12 02:02:06,730 - mcp.server.lowlevel.server - DEBUG - [server.py:572] - Response sent
2026-02-12 02:02:10,565 - mcp.server.lowlevel.server - DEBUG - [server.py:491] - Received message: <mcp.shared.session.RequestResponder object at 0x0000023AAB19C8C0>
2026-02-12 02:02:10,565 - mcp.server.lowlevel.server - INFO - [server.py:534] - Processing request of type CallToolRequest
2026-02-12 02:02:10,566 - mcp.server.lowlevel.server - DEBUG - [server.py:537] - Dispatching request of type CallToolRequest
2026-02-12 02:02:10,566 - UnrealMCP_Advanced - INFO - [unreal_mcp_server_advanced.py:147] - Connecting to Unreal at 127.0.0.1:55557 (attempt 1/4)...
2026-02-12 02:02:10,576 - UnrealMCP_Advanced - INFO - [unreal_mcp_server_advanced.py:154] - Successfully connected to Unreal Engine
2026-02-12 02:02:10,576 - UnrealMCP_Advanced - INFO - [unreal_mcp_server_advanced.py:362] - Sending command (attempt 1): add_blueprint_node
2026-02-12 02:02:10,576 - UnrealMCP_Advanced - DEBUG - [unreal_mcp_server_advanced.py:363] - Command payload: {"type": "add_blueprint_node", "params": {"blueprint_name": "/Game/Blueprints/MCP/BP_MCP_Enemy02", "node_type": "CallFunction", "node_params": {"pos_x": 300.0, "pos_y": 0.0, "event_type": "BeginPlay", "target_function": "SetGravityScale", "target_class": "CharacterMovementComponent"}}}...
2026-02-12 02:02:10,731 - UnrealMCP_Advanced - INFO - [unreal_mcp_server_advanced.py:264] - Received complete response (73 bytes) for add_blueprint_node
2026-02-12 02:02:10,731 - UnrealMCP_Advanced - INFO - [unreal_mcp_server_advanced.py:380] - Command add_blueprint_node completed successfully
2026-02-12 02:02:10,731 - UnrealMCP_Advanced - WARNING - [unreal_mcp_server_advanced.py:385] - Unreal returned error: Failed to create CallFunction node
2026-02-12 02:02:10,731 - BlueprintGraph.NodeManager - ERROR - [node_manager.py:71] - Failed to add node: Failed to create CallFunction node
2026-02-12 02:02:10,732 - mcp.server.lowlevel.server - DEBUG - [server.py:572] - Response sent
2026-02-12 02:02:14,367 - mcp.server.lowlevel.server - DEBUG - [server.py:491] - Received message: <mcp.shared.session.RequestResponder object at 0x0000023AAB19C560>
2026-02-12 02:02:14,367 - mcp.server.lowlevel.server - INFO - [server.py:534] - Processing request of type CallToolRequest
2026-02-12 02:02:14,367 - mcp.server.lowlevel.server - DEBUG - [server.py:537] - Dispatching request of type CallToolRequest
2026-02-12 02:02:14,367 - UnrealMCP_Advanced - INFO - [unreal_mcp_server_advanced.py:734] - Analyzing Blueprint graph: /Game/Blueprints/MCP/BP_MCP_Enemy02 -> EventGraph
2026-02-12 02:02:14,367 - UnrealMCP_Advanced - INFO - [unreal_mcp_server_advanced.py:147] - Connecting to Unreal at 127.0.0.1:55557 (attempt 1/4)...
2026-02-12 02:02:14,391 - UnrealMCP_Advanced - INFO - [unreal_mcp_server_advanced.py:154] - Successfully connected to Unreal Engine
2026-02-12 02:02:14,391 - UnrealMCP_Advanced - INFO - [unreal_mcp_server_advanced.py:362] - Sending command (attempt 1): analyze_blueprint_graph
2026-02-12 02:02:14,391 - UnrealMCP_Advanced - DEBUG - [unreal_mcp_server_advanced.py:363] - Command payload: {"type": "analyze_blueprint_graph", "params": {"blueprint_path": "/Game/Blueprints/MCP/BP_MCP_Enemy02", "graph_name": "EventGraph", "include_node_details": true, "include_pin_connections": true, "trace_execution_flow": true}}...
2026-02-12 02:02:14,730 - UnrealMCP_Advanced - INFO - [unreal_mcp_server_advanced.py:264] - Received complete response (3813 bytes) for analyze_blueprint_graph
2026-02-12 02:02:14,731 - UnrealMCP_Advanced - INFO - [unreal_mcp_server_advanced.py:380] - Command analyze_blueprint_graph completed successfully
2026-02-12 02:02:14,731 - mcp.server.lowlevel.server - DEBUG - [server.py:572] - Response sent
2026-02-12 02:02:18,461 - mcp.server.lowlevel.server - DEBUG - [server.py:491] - Received message: <mcp.shared.session.RequestResponder object at 0x0000023AAAFDB770>
2026-02-12 02:02:18,461 - mcp.server.lowlevel.server - INFO - [server.py:534] - Processing request of type CallToolRequest
2026-02-12 02:02:18,461 - mcp.server.lowlevel.server - DEBUG - [server.py:537] - Dispatching request of type CallToolRequest
2026-02-12 02:02:18,462 - UnrealMCP_Advanced - INFO - [unreal_mcp_server_advanced.py:147] - Connecting to Unreal at 127.0.0.1:55557 (attempt 1/4)...
2026-02-12 02:02:18,483 - UnrealMCP_Advanced - INFO - [unreal_mcp_server_advanced.py:154] - Successfully connected to Unreal Engine
2026-02-12 02:02:18,483 - UnrealMCP_Advanced - INFO - [unreal_mcp_server_advanced.py:362] - Sending command (attempt 1): connect_nodes
2026-02-12 02:02:18,483 - UnrealMCP_Advanced - DEBUG - [unreal_mcp_server_advanced.py:363] - Command payload: {"type": "connect_nodes", "params": {"blueprint_name": "/Game/Blueprints/MCP/BP_MCP_Enemy02", "source_node_id": "K2Node_Event_3", "source_pin_name": "then", "target_node_id": "K2Node_CallFunction_0", "target_pin_name": "execute"}}...
2026-02-12 02:02:18,778 - UnrealMCP_Advanced - INFO - [unreal_mcp_server_advanced.py:264] - Received complete response (260 bytes) for connect_nodes
2026-02-12 02:02:18,778 - UnrealMCP_Advanced - INFO - [unreal_mcp_server_advanced.py:380] - Command connect_nodes completed successfully
2026-02-12 02:02:18,778 - BlueprintGraph.ConnectorManager - ERROR - [connector_manager.py:74] - Failed to connect nodes: Unknown error
2026-02-12 02:02:18,778 - mcp.server.lowlevel.server - DEBUG - [server.py:572] - Response sent
2026-02-12 02:02:28,401 - mcp.server.lowlevel.server - DEBUG - [server.py:491] - Received message: <mcp.shared.session.RequestResponder object at 0x0000023AAB19C440>
2026-02-12 02:02:28,402 - mcp.server.lowlevel.server - INFO - [server.py:534] - Processing request of type CallToolRequest
2026-02-12 02:02:28,402 - mcp.server.lowlevel.server - DEBUG - [server.py:537] - Dispatching request of type CallToolRequest
2026-02-12 02:02:28,402 - BlueprintGraph.NodeProperties - DEBUG - [node_properties.py:339] - Setting property 'Duration' on node 'K2Node_CallFunction_0' in /Game/Blueprints/MCP/BP_MCP_Enemy02
2026-02-12 02:02:28,402 - UnrealMCP_Advanced - INFO - [unreal_mcp_server_advanced.py:147] - Connecting to Unreal at 127.0.0.1:55557 (attempt 1/4)...
2026-02-12 02:02:28,418 - UnrealMCP_Advanced - INFO - [unreal_mcp_server_advanced.py:154] - Successfully connected to Unreal Engine
2026-02-12 02:02:28,418 - UnrealMCP_Advanced - INFO - [unreal_mcp_server_advanced.py:362] - Sending command (attempt 1): set_node_property
2026-02-12 02:02:28,418 - UnrealMCP_Advanced - DEBUG - [unreal_mcp_server_advanced.py:363] - Command payload: {"type": "set_node_property", "params": {"blueprint_name": "/Game/Blueprints/MCP/BP_MCP_Enemy02", "node_id": "K2Node_CallFunction_0", "property_name": "Duration", "property_value": 3.0}}...
2026-02-12 02:02:28,732 - UnrealMCP_Advanced - INFO - [unreal_mcp_server_advanced.py:264] - Received complete response (101 bytes) for set_node_property
2026-02-12 02:02:28,732 - UnrealMCP_Advanced - INFO - [unreal_mcp_server_advanced.py:380] - Command set_node_property completed successfully
2026-02-12 02:02:28,732 - BlueprintGraph.NodeProperties - ERROR - [node_properties.py:358] - Failed to modify node: Unknown error
2026-02-12 02:02:28,733 - mcp.server.lowlevel.server - DEBUG - [server.py:572] - Response sent
2026-02-12 02:02:32,169 - mcp.server.lowlevel.server - DEBUG - [server.py:491] - Received message: <mcp.shared.session.RequestResponder object at 0x0000023AAB19C8C0>
2026-02-12 02:02:32,170 - mcp.server.lowlevel.server - INFO - [server.py:534] - Processing request of type CallToolRequest
2026-02-12 02:02:32,170 - mcp.server.lowlevel.server - DEBUG - [server.py:537] - Dispatching request of type CallToolRequest
2026-02-12 02:02:32,170 - UnrealMCP_Advanced - INFO - [unreal_mcp_server_advanced.py:147] - Connecting to Unreal at 127.0.0.1:55557 (attempt 1/4)...
2026-02-12 02:02:32,189 - UnrealMCP_Advanced - INFO - [unreal_mcp_server_advanced.py:154] - Successfully connected to Unreal Engine
2026-02-12 02:02:32,189 - UnrealMCP_Advanced - INFO - [unreal_mcp_server_advanced.py:362] - Sending command (attempt 1): add_blueprint_node
2026-02-12 02:02:32,189 - UnrealMCP_Advanced - DEBUG - [unreal_mcp_server_advanced.py:363] - Command payload: {"type": "add_blueprint_node", "params": {"blueprint_name": "/Game/Blueprints/MCP/BP_MCP_Enemy02", "node_type": "Print", "node_params": {"pos_x": 300.0, "pos_y": 0.0, "message": "Setting GravityScale to 0.0", "event_type": "BeginPlay"}}}...
2026-02-12 02:02:32,399 - UnrealMCP_Advanced - INFO - [unreal_mcp_server_advanced.py:264] - Received complete response (162 bytes) for add_blueprint_node
2026-02-12 02:02:32,399 - UnrealMCP_Advanced - INFO - [unreal_mcp_server_advanced.py:380] - Command add_blueprint_node completed successfully
2026-02-12 02:02:32,399 - BlueprintGraph.NodeManager - ERROR - [node_manager.py:71] - Failed to add node: Unknown error
2026-02-12 02:02:32,400 - mcp.server.lowlevel.server - DEBUG - [server.py:572] - Response sent
2026-02-12 02:02:36,975 - mcp.server.lowlevel.server - DEBUG - [server.py:491] - Received message: <mcp.shared.session.RequestResponder object at 0x0000023AAAFDB770>
2026-02-12 02:02:36,975 - mcp.server.lowlevel.server - INFO - [server.py:534] - Processing request of type CallToolRequest
2026-02-12 02:02:36,975 - mcp.server.lowlevel.server - DEBUG - [server.py:537] - Dispatching request of type CallToolRequest
2026-02-12 02:02:36,975 - UnrealMCP_Advanced - INFO - [unreal_mcp_server_advanced.py:147] - Connecting to Unreal at 127.0.0.1:55557 (attempt 1/4)...
2026-02-12 02:02:36,994 - UnrealMCP_Advanced - INFO - [unreal_mcp_server_advanced.py:154] - Successfully connected to Unreal Engine
2026-02-12 02:02:36,994 - UnrealMCP_Advanced - INFO - [unreal_mcp_server_advanced.py:362] - Sending command (attempt 1): connect_nodes
2026-02-12 02:02:36,994 - UnrealMCP_Advanced - DEBUG - [unreal_mcp_server_advanced.py:363] - Command payload: {"type": "connect_nodes", "params": {"blueprint_name": "/Game/Blueprints/MCP/BP_MCP_Enemy02", "source_node_id": "K2Node_CallFunction_0", "source_pin_name": "then", "target_node_id": "K2Node_CallFunction_3", "target_pin_name": "execute"}}...
2026-02-12 02:02:37,112 - UnrealMCP_Advanced - INFO - [unreal_mcp_server_advanced.py:264] - Received complete response (267 bytes) for connect_nodes
2026-02-12 02:02:37,113 - UnrealMCP_Advanced - INFO - [unreal_mcp_server_advanced.py:380] - Command connect_nodes completed successfully
2026-02-12 02:02:37,113 - BlueprintGraph.ConnectorManager - ERROR - [connector_manager.py:74] - Failed to connect nodes: Unknown error
2026-02-12 02:02:37,113 - mcp.server.lowlevel.server - DEBUG - [server.py:572] - Response sent
2026-02-12 02:02:48,067 - mcp.server.lowlevel.server - DEBUG - [server.py:491] - Received message: <mcp.shared.session.RequestResponder object at 0x0000023AAB19C560>
2026-02-12 02:02:48,067 - mcp.server.lowlevel.server - INFO - [server.py:534] - Processing request of type CallToolRequest
2026-02-12 02:02:48,068 - mcp.server.lowlevel.server - DEBUG - [server.py:537] - Dispatching request of type CallToolRequest
2026-02-12 02:02:48,068 - UnrealMCP_Advanced - INFO - [unreal_mcp_server_advanced.py:147] - Connecting to Unreal at 127.0.0.1:55557 (attempt 1/4)...
2026-02-12 02:02:48,086 - UnrealMCP_Advanced - INFO - [unreal_mcp_server_advanced.py:154] - Successfully connected to Unreal Engine
2026-02-12 02:02:48,086 - UnrealMCP_Advanced - INFO - [unreal_mcp_server_advanced.py:362] - Sending command (attempt 1): compile_blueprint
2026-02-12 02:02:48,086 - UnrealMCP_Advanced - DEBUG - [unreal_mcp_server_advanced.py:363] - Command payload: {"type": "compile_blueprint", "params": {"blueprint_name": "/Game/Blueprints/MCP/BP_MCP_Enemy02"}}...
2026-02-12 02:03:18,098 - UnrealMCP_Advanced - WARNING - [unreal_mcp_server_advanced.py:314] - Command failed (attempt 1/4): Timeout after 30.0s waiting for response to compile_blueprint (received 0 bytes)
2026-02-12 02:03:18,098 - UnrealMCP_Advanced - DEBUG - [unreal_mcp_server_advanced.py:200] - Disconnected from Unreal Engine
2026-02-12 02:03:18,098 - UnrealMCP_Advanced - INFO - [unreal_mcp_server_advanced.py:321] - Retrying command in 0.5s...
2026-02-12 02:03:18,598 - UnrealMCP_Advanced - INFO - [unreal_mcp_server_advanced.py:147] - Connecting to Unreal at 127.0.0.1:55557 (attempt 1/4)...
2026-02-12 02:03:18,617 - UnrealMCP_Advanced - INFO - [unreal_mcp_server_advanced.py:154] - Successfully connected to Unreal Engine
2026-02-12 02:03:18,617 - UnrealMCP_Advanced - INFO - [unreal_mcp_server_advanced.py:362] - Sending command (attempt 2): compile_blueprint
2026-02-12 02:03:18,617 - UnrealMCP_Advanced - DEBUG - [unreal_mcp_server_advanced.py:363] - Command payload: {"type": "compile_blueprint", "params": {"blueprint_name": "/Game/Blueprints/MCP/BP_MCP_Enemy02"}}...
2026-02-12 02:03:18,785 - UnrealMCP_Advanced - INFO - [unreal_mcp_server_advanced.py:264] - Received complete response (117 bytes) for compile_blueprint
2026-02-12 02:03:18,785 - UnrealMCP_Advanced - INFO - [unreal_mcp_server_advanced.py:380] - Command compile_blueprint completed successfully
2026-02-12 02:03:18,785 - mcp.server.lowlevel.server - DEBUG - [server.py:572] - Response sent
2026-02-12 02:04:09,758 - mcp.server.lowlevel.server - DEBUG - [server.py:491] - Received message: <mcp.shared.session.RequestResponder object at 0x0000023AAB19C440>
2026-02-12 02:04:09,758 - mcp.server.lowlevel.server - INFO - [server.py:534] - Processing request of type CallToolRequest
2026-02-12 02:04:09,758 - mcp.server.lowlevel.server - DEBUG - [server.py:537] - Dispatching request of type CallToolRequest
2026-02-12 02:04:09,758 - UnrealMCP_Advanced - INFO - [unreal_mcp_server_advanced.py:147] - Connecting to Unreal at 127.0.0.1:55557 (attempt 1/4)...
2026-02-12 02:04:09,759 - UnrealMCP_Advanced - INFO - [unreal_mcp_server_advanced.py:154] - Successfully connected to Unreal Engine
2026-02-12 02:04:09,759 - UnrealMCP_Advanced - INFO - [unreal_mcp_server_advanced.py:362] - Sending command (attempt 1): add_blueprint_node
2026-02-12 02:04:09,759 - UnrealMCP_Advanced - DEBUG - [unreal_mcp_server_advanced.py:363] - Command payload: {"type": "add_blueprint_node", "params": {"blueprint_name": "/Game/Blueprints/MCP/BP_MCP_Enemy02", "node_type": "CallFunction", "node_params": {"pos_x": 600.0, "pos_y": 0.0, "event_type": "BeginPlay", "target_function": "SetGravityScale"}}}...
2026-02-12 02:04:10,028 - UnrealMCP_Advanced - INFO - [unreal_mcp_server_advanced.py:264] - Received complete response (73 bytes) for add_blueprint_node
2026-02-12 02:04:10,028 - UnrealMCP_Advanced - INFO - [unreal_mcp_server_advanced.py:380] - Command add_blueprint_node completed successfully
2026-02-12 02:04:10,028 - UnrealMCP_Advanced - WARNING - [unreal_mcp_server_advanced.py:385] - Unreal returned error: Failed to create CallFunction node
2026-02-12 02:04:10,028 - BlueprintGraph.NodeManager - ERROR - [node_manager.py:71] - Failed to add node: Failed to create CallFunction node
2026-02-12 02:04:10,029 - mcp.server.lowlevel.server - DEBUG - [server.py:572] - Response sent
2026-02-12 02:04:13,099 - mcp.server.lowlevel.server - DEBUG - [server.py:491] - Received message: <mcp.shared.session.RequestResponder object at 0x0000023AAAFDB770>
2026-02-12 02:04:13,099 - mcp.server.lowlevel.server - INFO - [server.py:534] - Processing request of type CallToolRequest
2026-02-12 02:04:13,099 - mcp.server.lowlevel.server - DEBUG - [server.py:537] - Dispatching request of type CallToolRequest
2026-02-12 02:04:13,099 - UnrealMCP_Advanced - INFO - [unreal_mcp_server_advanced.py:734] - Analyzing Blueprint graph: /Game/Blueprints/MCP/BP_MCP_Enemy02 -> EventGraph
2026-02-12 02:04:13,099 - UnrealMCP_Advanced - INFO - [unreal_mcp_server_advanced.py:147] - Connecting to Unreal at 127.0.0.1:55557 (attempt 1/4)...
2026-02-12 02:04:13,120 - UnrealMCP_Advanced - INFO - [unreal_mcp_server_advanced.py:154] - Successfully connected to Unreal Engine
2026-02-12 02:04:13,120 - UnrealMCP_Advanced - INFO - [unreal_mcp_server_advanced.py:362] - Sending command (attempt 1): analyze_blueprint_graph
2026-02-12 02:04:13,120 - UnrealMCP_Advanced - DEBUG - [unreal_mcp_server_advanced.py:363] - Command payload: {"type": "analyze_blueprint_graph", "params": {"blueprint_path": "/Game/Blueprints/MCP/BP_MCP_Enemy02", "graph_name": "EventGraph", "include_node_details": true, "include_pin_connections": true, "trace_execution_flow": true}}...
2026-02-12 02:04:13,360 - UnrealMCP_Advanced - INFO - [unreal_mcp_server_advanced.py:264] - Received complete response (254 bytes) for analyze_blueprint_graph
2026-02-12 02:04:13,360 - UnrealMCP_Advanced - INFO - [unreal_mcp_server_advanced.py:380] - Command analyze_blueprint_graph completed successfully
2026-02-12 02:04:13,360 - mcp.server.lowlevel.server - DEBUG - [server.py:572] - Response sent
2026-02-12 02:04:16,891 - mcp.server.lowlevel.server - DEBUG - [server.py:491] - Received message: <mcp.shared.session.RequestResponder object at 0x0000023AAB19C320>
2026-02-12 02:04:16,891 - mcp.server.lowlevel.server - INFO - [server.py:534] - Processing request of type CallToolRequest
2026-02-12 02:04:16,891 - mcp.server.lowlevel.server - DEBUG - [server.py:537] - Dispatching request of type CallToolRequest
2026-02-12 02:04:16,891 - UnrealMCP_Advanced - INFO - [unreal_mcp_server_advanced.py:147] - Connecting to Unreal at 127.0.0.1:55557 (attempt 1/4)...
2026-02-12 02:04:16,909 - UnrealMCP_Advanced - INFO - [unreal_mcp_server_advanced.py:154] - Successfully connected to Unreal Engine
2026-02-12 02:04:16,909 - UnrealMCP_Advanced - INFO - [unreal_mcp_server_advanced.py:362] - Sending command (attempt 1): add_blueprint_node
2026-02-12 02:04:16,909 - UnrealMCP_Advanced - DEBUG - [unreal_mcp_server_advanced.py:363] - Command payload: {"type": "add_blueprint_node", "params": {"blueprint_name": "/Game/Blueprints/MCP/BP_MCP_Enemy02", "node_type": "Event", "node_params": {"pos_x": -600.0, "pos_y": 0.0, "event_type": "BeginPlay"}}}...
2026-02-12 02:04:17,027 - UnrealMCP_Advanced - INFO - [unreal_mcp_server_advanced.py:264] - Received complete response (156 bytes) for add_blueprint_node
2026-02-12 02:04:17,029 - UnrealMCP_Advanced - INFO - [unreal_mcp_server_advanced.py:380] - Command add_blueprint_node completed successfully
2026-02-12 02:04:17,029 - BlueprintGraph.NodeManager - ERROR - [node_manager.py:71] - Failed to add node: Unknown error
2026-02-12 02:04:17,029 - mcp.server.lowlevel.server - DEBUG - [server.py:572] - Response sent
2026-02-12 02:04:21,779 - mcp.server.lowlevel.server - DEBUG - [server.py:491] - Received message: <mcp.shared.session.RequestResponder object at 0x0000023AAB19C560>
2026-02-12 02:04:21,780 - mcp.server.lowlevel.server - INFO - [server.py:534] - Processing request of type CallToolRequest
2026-02-12 02:04:21,780 - mcp.server.lowlevel.server - DEBUG - [server.py:537] - Dispatching request of type CallToolRequest
2026-02-12 02:04:21,780 - UnrealMCP_Advanced - INFO - [unreal_mcp_server_advanced.py:147] - Connecting to Unreal at 127.0.0.1:55557 (attempt 1/4)...
2026-02-12 02:04:21,799 - UnrealMCP_Advanced - INFO - [unreal_mcp_server_advanced.py:154] - Successfully connected to Unreal Engine
2026-02-12 02:04:21,799 - UnrealMCP_Advanced - INFO - [unreal_mcp_server_advanced.py:362] - Sending command (attempt 1): add_blueprint_node
2026-02-12 02:04:21,799 - UnrealMCP_Advanced - DEBUG - [unreal_mcp_server_advanced.py:363] - Command payload: {"type": "add_blueprint_node", "params": {"blueprint_name": "/Game/Blueprints/MCP/BP_MCP_Enemy02", "node_type": "CallFunction", "node_params": {"pos_x": -300.0, "pos_y": 0.0, "event_type": "BeginPlay", "target_function": "Delay", "target_class": "KismetSystemLibrary"}}}...
2026-02-12 02:04:22,029 - UnrealMCP_Advanced - INFO - [unreal_mcp_server_advanced.py:264] - Received complete response (170 bytes) for add_blueprint_node
2026-02-12 02:04:22,029 - UnrealMCP_Advanced - INFO - [unreal_mcp_server_advanced.py:380] - Command add_blueprint_node completed successfully
2026-02-12 02:04:22,029 - BlueprintGraph.NodeManager - ERROR - [node_manager.py:71] - Failed to add node: Unknown error
2026-02-12 02:04:22,030 - mcp.server.lowlevel.server - DEBUG - [server.py:572] - Response sent
2026-02-12 02:04:25,264 - mcp.server.lowlevel.server - DEBUG - [server.py:491] - Received message: <mcp.shared.session.RequestResponder object at 0x0000023AAAFDB770>
2026-02-12 02:04:25,264 - mcp.server.lowlevel.server - INFO - [server.py:534] - Processing request of type CallToolRequest
2026-02-12 02:04:25,264 - mcp.server.lowlevel.server - DEBUG - [server.py:537] - Dispatching request of type CallToolRequest
2026-02-12 02:04:25,264 - UnrealMCP_Advanced - INFO - [unreal_mcp_server_advanced.py:147] - Connecting to Unreal at 127.0.0.1:55557 (attempt 1/4)...
2026-02-12 02:04:25,287 - UnrealMCP_Advanced - INFO - [unreal_mcp_server_advanced.py:154] - Successfully connected to Unreal Engine
2026-02-12 02:04:25,287 - UnrealMCP_Advanced - INFO - [unreal_mcp_server_advanced.py:362] - Sending command (attempt 1): add_blueprint_node
2026-02-12 02:04:25,287 - UnrealMCP_Advanced - DEBUG - [unreal_mcp_server_advanced.py:363] - Command payload: {"type": "add_blueprint_node", "params": {"blueprint_name": "/Game/Blueprints/MCP/BP_MCP_Enemy02", "node_type": "VariableGet", "node_params": {"pos_x": 0.0, "pos_y": 100.0, "event_type": "BeginPlay", "variable_name": "CharacterMovement"}}}...
2026-02-12 02:04:25,361 - UnrealMCP_Advanced - INFO - [unreal_mcp_server_advanced.py:264] - Received complete response (167 bytes) for add_blueprint_node
2026-02-12 02:04:25,361 - UnrealMCP_Advanced - INFO - [unreal_mcp_server_advanced.py:380] - Command add_blueprint_node completed successfully
2026-02-12 02:04:25,361 - BlueprintGraph.NodeManager - ERROR - [node_manager.py:71] - Failed to add node: Unknown error
2026-02-12 02:04:25,362 - mcp.server.lowlevel.server - DEBUG - [server.py:572] - Response sent
2026-02-12 02:04:29,294 - mcp.server.lowlevel.server - DEBUG - [server.py:491] - Received message: <mcp.shared.session.RequestResponder object at 0x0000023AAB19C440>
2026-02-12 02:04:29,295 - mcp.server.lowlevel.server - INFO - [server.py:534] - Processing request of type CallToolRequest
2026-02-12 02:04:29,295 - mcp.server.lowlevel.server - DEBUG - [server.py:537] - Dispatching request of type CallToolRequest
2026-02-12 02:04:29,295 - UnrealMCP_Advanced - INFO - [unreal_mcp_server_advanced.py:147] - Connecting to Unreal at 127.0.0.1:55557 (attempt 1/4)...
2026-02-12 02:04:29,314 - UnrealMCP_Advanced - INFO - [unreal_mcp_server_advanced.py:154] - Successfully connected to Unreal Engine
2026-02-12 02:04:29,314 - UnrealMCP_Advanced - INFO - [unreal_mcp_server_advanced.py:362] - Sending command (attempt 1): add_blueprint_node
2026-02-12 02:04:29,314 - UnrealMCP_Advanced - DEBUG - [unreal_mcp_server_advanced.py:363] - Command payload: {"type": "add_blueprint_node", "params": {"blueprint_name": "/Game/Blueprints/MCP/BP_MCP_Enemy02", "node_type": "CallFunction", "node_params": {"pos_x": 300.0, "pos_y": 0.0, "event_type": "BeginPlay", "target_function": "SetGravityScale", "target_class": "UCharacterMovementComponent"}}}...
2026-02-12 02:04:29,697 - UnrealMCP_Advanced - INFO - [unreal_mcp_server_advanced.py:264] - Received complete response (73 bytes) for add_blueprint_node
2026-02-12 02:04:29,697 - UnrealMCP_Advanced - INFO - [unreal_mcp_server_advanced.py:380] - Command add_blueprint_node completed successfully
2026-02-12 02:04:29,697 - UnrealMCP_Advanced - WARNING - [unreal_mcp_server_advanced.py:385] - Unreal returned error: Failed to create CallFunction node
2026-02-12 02:04:29,697 - BlueprintGraph.NodeManager - ERROR - [node_manager.py:71] - Failed to add node: Failed to create CallFunction node
2026-02-12 02:04:29,697 - mcp.server.lowlevel.server - DEBUG - [server.py:572] - Response sent
2026-02-12 02:04:33,947 - mcp.server.lowlevel.server - DEBUG - [server.py:491] - Received message: <mcp.shared.session.RequestResponder object at 0x0000023AAB19C320>
2026-02-12 02:04:33,947 - mcp.server.lowlevel.server - INFO - [server.py:534] - Processing request of type CallToolRequest
2026-02-12 02:04:33,947 - mcp.server.lowlevel.server - DEBUG - [server.py:537] - Dispatching request of type CallToolRequest
2026-02-12 02:04:33,947 - UnrealMCP_Advanced - INFO - [unreal_mcp_server_advanced.py:147] - Connecting to Unreal at 127.0.0.1:55557 (attempt 1/4)...
2026-02-12 02:04:33,967 - UnrealMCP_Advanced - INFO - [unreal_mcp_server_advanced.py:154] - Successfully connected to Unreal Engine
2026-02-12 02:04:33,967 - UnrealMCP_Advanced - INFO - [unreal_mcp_server_advanced.py:362] - Sending command (attempt 1): add_blueprint_node
2026-02-12 02:04:33,967 - UnrealMCP_Advanced - DEBUG - [unreal_mcp_server_advanced.py:363] - Command payload: {"type": "add_blueprint_node", "params": {"blueprint_name": "/Game/Blueprints/MCP/BP_MCP_Enemy02", "node_type": "Print", "node_params": {"pos_x": 300.0, "pos_y": 0.0, "message": "GravityScale will be set to 0.0", "event_type": "BeginPlay"}}}...
2026-02-12 02:04:34,030 - UnrealMCP_Advanced - INFO - [unreal_mcp_server_advanced.py:264] - Received complete response (162 bytes) for add_blueprint_node
2026-02-12 02:04:34,030 - UnrealMCP_Advanced - INFO - [unreal_mcp_server_advanced.py:380] - Command add_blueprint_node completed successfully
2026-02-12 02:04:34,030 - BlueprintGraph.NodeManager - ERROR - [node_manager.py:71] - Failed to add node: Unknown error
2026-02-12 02:04:34,030 - mcp.server.lowlevel.server - DEBUG - [server.py:572] - Response sent
2026-02-12 02:04:37,827 - mcp.server.lowlevel.server - DEBUG - [server.py:491] - Received message: <mcp.shared.session.RequestResponder object at 0x0000023AAAFDB770>
2026-02-12 02:04:37,827 - mcp.server.lowlevel.server - INFO - [server.py:534] - Processing request of type CallToolRequest
2026-02-12 02:04:37,827 - mcp.server.lowlevel.server - DEBUG - [server.py:537] - Dispatching request of type CallToolRequest
2026-02-12 02:04:37,827 - UnrealMCP_Advanced - INFO - [unreal_mcp_server_advanced.py:147] - Connecting to Unreal at 127.0.0.1:55557 (attempt 1/4)...
2026-02-12 02:04:37,837 - UnrealMCP_Advanced - INFO - [unreal_mcp_server_advanced.py:154] - Successfully connected to Unreal Engine
2026-02-12 02:04:37,837 - UnrealMCP_Advanced - INFO - [unreal_mcp_server_advanced.py:362] - Sending command (attempt 1): connect_nodes
2026-02-12 02:04:37,837 - UnrealMCP_Advanced - DEBUG - [unreal_mcp_server_advanced.py:363] - Command payload: {"type": "connect_nodes", "params": {"blueprint_name": "/Game/Blueprints/MCP/BP_MCP_Enemy02", "source_node_id": "K2Node_Event_4", "source_pin_name": "then", "target_node_id": "K2Node_CallFunction_5", "target_pin_name": "execute"}}...
2026-02-12 02:04:38,077 - UnrealMCP_Advanced - INFO - [unreal_mcp_server_advanced.py:264] - Received complete response (260 bytes) for connect_nodes
2026-02-12 02:04:38,077 - UnrealMCP_Advanced - INFO - [unreal_mcp_server_advanced.py:380] - Command connect_nodes completed successfully
2026-02-12 02:04:38,077 - BlueprintGraph.ConnectorManager - ERROR - [connector_manager.py:74] - Failed to connect nodes: Unknown error
2026-02-12 02:04:38,077 - mcp.server.lowlevel.server - DEBUG - [server.py:572] - Response sent
2026-02-12 02:20:52,162 - mcp.server.lowlevel.server - DEBUG - [server.py:491] - Received message: <mcp.shared.session.RequestResponder object at 0x0000023AAB19C560>
2026-02-12 02:20:52,163 - mcp.server.lowlevel.server - INFO - [server.py:534] - Processing request of type CallToolRequest
2026-02-12 02:20:52,163 - mcp.server.lowlevel.server - DEBUG - [server.py:537] - Dispatching request of type CallToolRequest
2026-02-12 02:20:52,163 - UnrealMCP_Advanced - INFO - [unreal_mcp_server_advanced.py:734] - Analyzing Blueprint graph: /Game/Blueprints/MCP/BP_MCP_Enemy02 -> EventGraph
2026-02-12 02:20:52,163 - UnrealMCP_Advanced - INFO - [unreal_mcp_server_advanced.py:147] - Connecting to Unreal at 127.0.0.1:55557 (attempt 1/4)...
2026-02-12 02:20:52,163 - UnrealMCP_Advanced - INFO - [unreal_mcp_server_advanced.py:154] - Successfully connected to Unreal Engine
2026-02-12 02:20:52,163 - UnrealMCP_Advanced - INFO - [unreal_mcp_server_advanced.py:362] - Sending command (attempt 1): analyze_blueprint_graph
2026-02-12 02:20:52,163 - UnrealMCP_Advanced - DEBUG - [unreal_mcp_server_advanced.py:363] - Command payload: {"type": "analyze_blueprint_graph", "params": {"blueprint_path": "/Game/Blueprints/MCP/BP_MCP_Enemy02", "graph_name": "EventGraph", "include_node_details": true, "include_pin_connections": true, "trace_execution_flow": true}}...
2026-02-12 02:20:52,368 - UnrealMCP_Advanced - INFO - [unreal_mcp_server_advanced.py:264] - Received complete response (254 bytes) for analyze_blueprint_graph
2026-02-12 02:20:52,368 - UnrealMCP_Advanced - INFO - [unreal_mcp_server_advanced.py:380] - Command analyze_blueprint_graph completed successfully
2026-02-12 02:20:52,368 - mcp.server.lowlevel.server - DEBUG - [server.py:572] - Response sent
2026-02-12 02:20:55,335 - mcp.server.lowlevel.server - DEBUG - [server.py:491] - Received message: <mcp.shared.session.RequestResponder object at 0x0000023AAB19C440>
2026-02-12 02:20:55,335 - mcp.server.lowlevel.server - INFO - [server.py:534] - Processing request of type CallToolRequest
2026-02-12 02:20:55,335 - mcp.server.lowlevel.server - DEBUG - [server.py:537] - Dispatching request of type CallToolRequest
2026-02-12 02:20:55,335 - UnrealMCP_Advanced - INFO - [unreal_mcp_server_advanced.py:147] - Connecting to Unreal at 127.0.0.1:55557 (attempt 1/4)...
2026-02-12 02:20:55,355 - UnrealMCP_Advanced - INFO - [unreal_mcp_server_advanced.py:154] - Successfully connected to Unreal Engine
2026-02-12 02:20:55,355 - UnrealMCP_Advanced - INFO - [unreal_mcp_server_advanced.py:362] - Sending command (attempt 1): add_blueprint_node
2026-02-12 02:20:55,355 - UnrealMCP_Advanced - DEBUG - [unreal_mcp_server_advanced.py:363] - Command payload: {"type": "add_blueprint_node", "params": {"blueprint_name": "/Game/Blueprints/MCP/BP_MCP_Enemy02", "node_type": "Event", "node_params": {"pos_x": -800.0, "pos_y": 0.0, "event_type": "BeginPlay"}}}...
2026-02-12 02:20:55,702 - UnrealMCP_Advanced - INFO - [unreal_mcp_server_advanced.py:264] - Received complete response (156 bytes) for add_blueprint_node
2026-02-12 02:20:55,702 - UnrealMCP_Advanced - INFO - [unreal_mcp_server_advanced.py:380] - Command add_blueprint_node completed successfully
2026-02-12 02:20:55,702 - BlueprintGraph.NodeManager - ERROR - [node_manager.py:71] - Failed to add node: Unknown error
2026-02-12 02:20:55,703 - mcp.server.lowlevel.server - DEBUG - [server.py:572] - Response sent
2026-02-12 02:20:59,362 - mcp.server.lowlevel.server - DEBUG - [server.py:491] - Received message: <mcp.shared.session.RequestResponder object at 0x0000023AAAFDB770>
2026-02-12 02:20:59,363 - mcp.server.lowlevel.server - INFO - [server.py:534] - Processing request of type CallToolRequest
2026-02-12 02:20:59,363 - mcp.server.lowlevel.server - DEBUG - [server.py:537] - Dispatching request of type CallToolRequest
2026-02-12 02:20:59,363 - UnrealMCP_Advanced - INFO - [unreal_mcp_server_advanced.py:147] - Connecting to Unreal at 127.0.0.1:55557 (attempt 1/4)...
2026-02-12 02:20:59,375 - UnrealMCP_Advanced - INFO - [unreal_mcp_server_advanced.py:154] - Successfully connected to Unreal Engine
2026-02-12 02:20:59,375 - UnrealMCP_Advanced - INFO - [unreal_mcp_server_advanced.py:362] - Sending command (attempt 1): add_blueprint_node
2026-02-12 02:20:59,375 - UnrealMCP_Advanced - DEBUG - [unreal_mcp_server_advanced.py:363] - Command payload: {"type": "add_blueprint_node", "params": {"blueprint_name": "/Game/Blueprints/MCP/BP_MCP_Enemy02", "node_type": "CallFunction", "node_params": {"pos_x": -500.0, "pos_y": 0.0, "event_type": "BeginPlay", "target_function": "Delay", "target_class": "KismetSystemLibrary"}}}...
2026-02-12 02:20:59,704 - UnrealMCP_Advanced - INFO - [unreal_mcp_server_advanced.py:264] - Received complete response (170 bytes) for add_blueprint_node
2026-02-12 02:20:59,704 - UnrealMCP_Advanced - INFO - [unreal_mcp_server_advanced.py:380] - Command add_blueprint_node completed successfully
2026-02-12 02:20:59,704 - BlueprintGraph.NodeManager - ERROR - [node_manager.py:71] - Failed to add node: Unknown error
2026-02-12 02:20:59,704 - mcp.server.lowlevel.server - DEBUG - [server.py:572] - Response sent
2026-02-12 02:21:02,330 - mcp.server.lowlevel.server - DEBUG - [server.py:491] - Received message: <mcp.shared.session.RequestResponder object at 0x0000023AAB19C320>
2026-02-12 02:21:02,330 - mcp.server.lowlevel.server - INFO - [server.py:534] - Processing request of type CallToolRequest
2026-02-12 02:21:02,330 - mcp.server.lowlevel.server - DEBUG - [server.py:537] - Dispatching request of type CallToolRequest
2026-02-12 02:21:02,330 - UnrealMCP_Advanced - INFO - [unreal_mcp_server_advanced.py:147] - Connecting to Unreal at 127.0.0.1:55557 (attempt 1/4)...
2026-02-12 02:21:02,345 - UnrealMCP_Advanced - INFO - [unreal_mcp_server_advanced.py:154] - Successfully connected to Unreal Engine
2026-02-12 02:21:02,345 - UnrealMCP_Advanced - INFO - [unreal_mcp_server_advanced.py:362] - Sending command (attempt 1): add_blueprint_node
2026-02-12 02:21:02,345 - UnrealMCP_Advanced - DEBUG - [unreal_mcp_server_advanced.py:363] - Command payload: {"type": "add_blueprint_node", "params": {"blueprint_name": "/Game/Blueprints/MCP/BP_MCP_Enemy02", "node_type": "VariableGet", "node_params": {"pos_x": -200.0, "pos_y": 100.0, "event_type": "BeginPlay", "variable_name": "CharacterMovement"}}}...
2026-02-12 02:21:02,705 - UnrealMCP_Advanced - INFO - [unreal_mcp_server_advanced.py:264] - Received complete response (170 bytes) for add_blueprint_node
2026-02-12 02:21:02,705 - UnrealMCP_Advanced - INFO - [unreal_mcp_server_advanced.py:380] - Command add_blueprint_node completed successfully
2026-02-12 02:21:02,705 - BlueprintGraph.NodeManager - ERROR - [node_manager.py:71] - Failed to add node: Unknown error
2026-02-12 02:21:02,706 - mcp.server.lowlevel.server - DEBUG - [server.py:572] - Response sent
2026-02-12 02:21:08,612 - mcp.server.lowlevel.server - DEBUG - [server.py:491] - Received message: <mcp.shared.session.RequestResponder object at 0x0000023AAB19C560>
2026-02-12 02:21:08,613 - mcp.server.lowlevel.server - INFO - [server.py:534] - Processing request of type CallToolRequest
2026-02-12 02:21:08,613 - mcp.server.lowlevel.server - DEBUG - [server.py:537] - Dispatching request of type CallToolRequest
2026-02-12 02:21:08,613 - UnrealMCP_Advanced - INFO - [unreal_mcp_server_advanced.py:147] - Connecting to Unreal at 127.0.0.1:55557 (attempt 1/4)...
2026-02-12 02:21:08,627 - UnrealMCP_Advanced - INFO - [unreal_mcp_server_advanced.py:154] - Successfully connected to Unreal Engine
2026-02-12 02:21:08,627 - UnrealMCP_Advanced - INFO - [unreal_mcp_server_advanced.py:362] - Sending command (attempt 1): create_variable
2026-02-12 02:21:08,627 - UnrealMCP_Advanced - DEBUG - [unreal_mcp_server_advanced.py:363] - Command payload: {"type": "create_variable", "params": {"blueprint_name": "/Game/Blueprints/MCP/BP_MCP_Enemy02", "variable_name": "TempGravityScale", "variable_type": "float", "default_value": 0.0}}...
2026-02-12 02:21:08,783 - UnrealMCP_Advanced - INFO - [unreal_mcp_server_advanced.py:264] - Received complete response (195 bytes) for create_variable
2026-02-12 02:21:08,783 - UnrealMCP_Advanced - INFO - [unreal_mcp_server_advanced.py:380] - Command create_variable completed successfully
2026-02-12 02:21:08,783 - BlueprintGraph.VariableManager - ERROR - [variable_manager.py:79] - Failed to create variable: Unknown error
2026-02-12 02:21:08,783 - mcp.server.lowlevel.server - DEBUG - [server.py:572] - Response sent
2026-02-12 02:21:11,379 - mcp.server.lowlevel.server - DEBUG - [server.py:491] - Received message: <mcp.shared.session.RequestResponder object at 0x0000023AAAFDB770>
2026-02-12 02:21:11,379 - mcp.server.lowlevel.server - INFO - [server.py:534] - Processing request of type CallToolRequest
2026-02-12 02:21:11,379 - mcp.server.lowlevel.server - DEBUG - [server.py:537] - Dispatching request of type CallToolRequest
2026-02-12 02:21:11,379 - UnrealMCP_Advanced - INFO - [unreal_mcp_server_advanced.py:147] - Connecting to Unreal at 127.0.0.1:55557 (attempt 1/4)...
2026-02-12 02:21:11,401 - UnrealMCP_Advanced - INFO - [unreal_mcp_server_advanced.py:154] - Successfully connected to Unreal Engine
2026-02-12 02:21:11,401 - UnrealMCP_Advanced - INFO - [unreal_mcp_server_advanced.py:362] - Sending command (attempt 1): add_blueprint_node
2026-02-12 02:21:11,401 - UnrealMCP_Advanced - DEBUG - [unreal_mcp_server_advanced.py:363] - Command payload: {"type": "add_blueprint_node", "params": {"blueprint_name": "/Game/Blueprints/MCP/BP_MCP_Enemy02", "node_type": "VariableGet", "node_params": {"pos_x": 100.0, "pos_y": 150.0, "event_type": "BeginPlay", "variable_name": "TempGravityScale"}}}...
2026-02-12 02:21:41,405 - UnrealMCP_Advanced - WARNING - [unreal_mcp_server_advanced.py:314] - Command failed (attempt 1/4): Timeout after 30.0s waiting for response to add_blueprint_node (received 0 bytes)
2026-02-12 02:21:41,405 - UnrealMCP_Advanced - DEBUG - [unreal_mcp_server_advanced.py:200] - Disconnected from Unreal Engine
2026-02-12 02:21:41,405 - UnrealMCP_Advanced - INFO - [unreal_mcp_server_advanced.py:321] - Retrying command in 0.5s...
2026-02-12 02:21:41,905 - UnrealMCP_Advanced - INFO - [unreal_mcp_server_advanced.py:147] - Connecting to Unreal at 127.0.0.1:55557 (attempt 1/4)...
2026-02-12 02:21:41,906 - UnrealMCP_Advanced - INFO - [unreal_mcp_server_advanced.py:154] - Successfully connected to Unreal Engine
2026-02-12 02:21:41,906 - UnrealMCP_Advanced - INFO - [unreal_mcp_server_advanced.py:362] - Sending command (attempt 2): add_blueprint_node
2026-02-12 02:21:41,906 - UnrealMCP_Advanced - DEBUG - [unreal_mcp_server_advanced.py:363] - Command payload: {"type": "add_blueprint_node", "params": {"blueprint_name": "/Game/Blueprints/MCP/BP_MCP_Enemy02", "node_type": "VariableGet", "node_params": {"pos_x": 100.0, "pos_y": 150.0, "event_type": "BeginPlay", "variable_name": "TempGravityScale"}}}...
2026-02-12 02:21:41,966 - UnrealMCP_Advanced - INFO - [unreal_mcp_server_advanced.py:264] - Received complete response (169 bytes) for add_blueprint_node
2026-02-12 02:21:41,966 - UnrealMCP_Advanced - INFO - [unreal_mcp_server_advanced.py:380] - Command add_blueprint_node completed successfully
2026-02-12 02:21:41,966 - BlueprintGraph.NodeManager - ERROR - [node_manager.py:71] - Failed to add node: Unknown error
2026-02-12 02:21:41,966 - mcp.server.lowlevel.server - DEBUG - [server.py:572] - Response sent
2026-02-12 02:23:49,080 - mcp.server.lowlevel.server - DEBUG - [server.py:491] - Received message: <mcp.shared.session.RequestResponder object at 0x0000023AAB19C440>
2026-02-12 02:23:49,081 - mcp.server.lowlevel.server - INFO - [server.py:534] - Processing request of type CallToolRequest
2026-02-12 02:23:49,081 - mcp.server.lowlevel.server - DEBUG - [server.py:537] - Dispatching request of type CallToolRequest
2026-02-12 02:23:49,081 - UnrealMCP_Advanced - INFO - [unreal_mcp_server_advanced.py:679] - Reading Blueprint content for: /Game/Blueprints/MCP/BP_MCP_Enemy02
2026-02-12 02:23:49,081 - UnrealMCP_Advanced - INFO - [unreal_mcp_server_advanced.py:147] - Connecting to Unreal at 127.0.0.1:55557 (attempt 1/4)...
2026-02-12 02:23:49,091 - UnrealMCP_Advanced - INFO - [unreal_mcp_server_advanced.py:154] - Successfully connected to Unreal Engine
2026-02-12 02:23:49,091 - UnrealMCP_Advanced - INFO - [unreal_mcp_server_advanced.py:362] - Sending command (attempt 1): read_blueprint_content
2026-02-12 02:23:49,091 - UnrealMCP_Advanced - DEBUG - [unreal_mcp_server_advanced.py:363] - Command payload: {"type": "read_blueprint_content", "params": {"blueprint_path": "/Game/Blueprints/MCP/BP_MCP_Enemy02", "include_event_graph": true, "include_functions": true, "include_variables": true, "include_components": true, "include_interfaces": true}}...
2026-02-12 02:23:49,301 - UnrealMCP_Advanced - INFO - [unreal_mcp_server_advanced.py:264] - Received complete response (483 bytes) for read_blueprint_content
2026-02-12 02:23:49,301 - UnrealMCP_Advanced - INFO - [unreal_mcp_server_advanced.py:380] - Command read_blueprint_content completed successfully
2026-02-12 02:23:49,302 - mcp.server.lowlevel.server - DEBUG - [server.py:572] - Response sent
2026-02-12 02:23:52,496 - mcp.server.lowlevel.server - DEBUG - [server.py:491] - Received message: <mcp.shared.session.RequestResponder object at 0x0000023AAB19C320>
2026-02-12 02:23:52,496 - mcp.server.lowlevel.server - INFO - [server.py:534] - Processing request of type CallToolRequest
2026-02-12 02:23:52,496 - mcp.server.lowlevel.server - DEBUG - [server.py:537] - Dispatching request of type CallToolRequest
2026-02-12 02:23:52,496 - UnrealMCP_Advanced - INFO - [unreal_mcp_server_advanced.py:147] - Connecting to Unreal at 127.0.0.1:55557 (attempt 1/4)...
2026-02-12 02:23:52,521 - UnrealMCP_Advanced - INFO - [unreal_mcp_server_advanced.py:154] - Successfully connected to Unreal Engine
2026-02-12 02:23:52,521 - UnrealMCP_Advanced - INFO - [unreal_mcp_server_advanced.py:362] - Sending command (attempt 1): add_blueprint_node
2026-02-12 02:23:52,521 - UnrealMCP_Advanced - DEBUG - [unreal_mcp_server_advanced.py:363] - Command payload: {"type": "add_blueprint_node", "params": {"blueprint_name": "/Game/Blueprints/MCP/BP_MCP_Enemy02", "node_type": "Event", "node_params": {"pos_x": -400.0, "pos_y": 0.0, "event_type": "BeginPlay"}}}...
2026-02-12 02:24:22,529 - UnrealMCP_Advanced - WARNING - [unreal_mcp_server_advanced.py:314] - Command failed (attempt 1/4): Timeout after 30.0s waiting for response to add_blueprint_node (received 0 bytes)
2026-02-12 02:24:22,529 - UnrealMCP_Advanced - DEBUG - [unreal_mcp_server_advanced.py:200] - Disconnected from Unreal Engine
2026-02-12 02:24:22,529 - UnrealMCP_Advanced - INFO - [unreal_mcp_server_advanced.py:321] - Retrying command in 0.5s...
2026-02-12 02:24:23,030 - UnrealMCP_Advanced - INFO - [unreal_mcp_server_advanced.py:147] - Connecting to Unreal at 127.0.0.1:55557 (attempt 1/4)...
2026-02-12 02:24:23,030 - UnrealMCP_Advanced - INFO - [unreal_mcp_server_advanced.py:154] - Successfully connected to Unreal Engine
2026-02-12 02:24:23,030 - UnrealMCP_Advanced - INFO - [unreal_mcp_server_advanced.py:362] - Sending command (attempt 2): add_blueprint_node
2026-02-12 02:24:23,030 - UnrealMCP_Advanced - DEBUG - [unreal_mcp_server_advanced.py:363] - Command payload: {"type": "add_blueprint_node", "params": {"blueprint_name": "/Game/Blueprints/MCP/BP_MCP_Enemy02", "node_type": "Event", "node_params": {"pos_x": -400.0, "pos_y": 0.0, "event_type": "BeginPlay"}}}...
2026-02-12 02:24:23,297 - UnrealMCP_Advanced - INFO - [unreal_mcp_server_advanced.py:264] - Received complete response (156 bytes) for add_blueprint_node
2026-02-12 02:24:23,297 - UnrealMCP_Advanced - INFO - [unreal_mcp_server_advanced.py:380] - Command add_blueprint_node completed successfully
2026-02-12 02:24:23,298 - BlueprintGraph.NodeManager - ERROR - [node_manager.py:71] - Failed to add node: Unknown error
2026-02-12 02:24:23,298 - mcp.server.lowlevel.server - DEBUG - [server.py:572] - Response sent
2026-02-12 02:24:26,276 - mcp.server.lowlevel.server - DEBUG - [server.py:491] - Received message: <mcp.shared.session.RequestResponder object at 0x0000023AAAFDB770>
2026-02-12 02:24:26,276 - mcp.server.lowlevel.server - INFO - [server.py:534] - Processing request of type CallToolRequest
2026-02-12 02:24:26,276 - mcp.server.lowlevel.server - DEBUG - [server.py:537] - Dispatching request of type CallToolRequest
2026-02-12 02:24:26,276 - UnrealMCP_Advanced - INFO - [unreal_mcp_server_advanced.py:147] - Connecting to Unreal at 127.0.0.1:55557 (attempt 1/4)...
2026-02-12 02:24:26,287 - UnrealMCP_Advanced - INFO - [unreal_mcp_server_advanced.py:154] - Successfully connected to Unreal Engine
2026-02-12 02:24:26,287 - UnrealMCP_Advanced - INFO - [unreal_mcp_server_advanced.py:362] - Sending command (attempt 1): add_blueprint_node
2026-02-12 02:24:26,287 - UnrealMCP_Advanced - DEBUG - [unreal_mcp_server_advanced.py:363] - Command payload: {"type": "add_blueprint_node", "params": {"blueprint_name": "/Game/Blueprints/MCP/BP_MCP_Enemy02", "node_type": "VariableGet", "node_params": {"pos_x": -100.0, "pos_y": 100.0, "event_type": "BeginPlay", "variable_name": "CharacterMovement"}}}...
2026-02-12 02:24:26,314 - UnrealMCP_Advanced - INFO - [unreal_mcp_server_advanced.py:264] - Received complete response (170 bytes) for add_blueprint_node
2026-02-12 02:24:26,314 - UnrealMCP_Advanced - INFO - [unreal_mcp_server_advanced.py:380] - Command add_blueprint_node completed successfully
2026-02-12 02:24:26,314 - BlueprintGraph.NodeManager - ERROR - [node_manager.py:71] - Failed to add node: Unknown error
2026-02-12 02:24:26,315 - mcp.server.lowlevel.server - DEBUG - [server.py:572] - Response sent
2026-02-12 02:24:30,990 - mcp.server.lowlevel.server - DEBUG - [server.py:491] - Received message: <mcp.shared.session.RequestResponder object at 0x0000023AAB19C9E0>
2026-02-12 02:24:30,990 - mcp.server.lowlevel.server - INFO - [server.py:534] - Processing request of type CallToolRequest
2026-02-12 02:24:30,990 - mcp.server.lowlevel.server - DEBUG - [server.py:537] - Dispatching request of type CallToolRequest
2026-02-12 02:24:30,990 - UnrealMCP_Advanced - INFO - [unreal_mcp_server_advanced.py:147] - Connecting to Unreal at 127.0.0.1:55557 (attempt 1/4)...
2026-02-12 02:24:31,005 - UnrealMCP_Advanced - INFO - [unreal_mcp_server_advanced.py:154] - Successfully connected to Unreal Engine
2026-02-12 02:24:31,005 - UnrealMCP_Advanced - INFO - [unreal_mcp_server_advanced.py:362] - Sending command (attempt 1): create_variable
2026-02-12 02:24:31,006 - UnrealMCP_Advanced - DEBUG - [unreal_mcp_server_advanced.py:363] - Command payload: {"type": "create_variable", "params": {"blueprint_name": "/Game/Blueprints/MCP/BP_MCP_Enemy02", "variable_name": "NewGravityScale", "variable_type": "float", "default_value": 0.0}}...
2026-02-12 02:24:31,234 - UnrealMCP_Advanced - INFO - [unreal_mcp_server_advanced.py:264] - Received complete response (194 bytes) for create_variable
2026-02-12 02:24:31,234 - UnrealMCP_Advanced - INFO - [unreal_mcp_server_advanced.py:380] - Command create_variable completed successfully
2026-02-12 02:24:31,234 - BlueprintGraph.VariableManager - ERROR - [variable_manager.py:79] - Failed to create variable: Unknown error
2026-02-12 02:24:31,235 - mcp.server.lowlevel.server - DEBUG - [server.py:572] - Response sent
2026-02-12 02:24:34,351 - mcp.server.lowlevel.server - DEBUG - [server.py:491] - Received message: <mcp.shared.session.RequestResponder object at 0x0000023AAB19C560>
2026-02-12 02:24:34,351 - mcp.server.lowlevel.server - INFO - [server.py:534] - Processing request of type CallToolRequest
2026-02-12 02:24:34,351 - mcp.server.lowlevel.server - DEBUG - [server.py:537] - Dispatching request of type CallToolRequest
2026-02-12 02:24:34,351 - UnrealMCP_Advanced - INFO - [unreal_mcp_server_advanced.py:147] - Connecting to Unreal at 127.0.0.1:55557 (attempt 1/4)...
2026-02-12 02:24:34,364 - UnrealMCP_Advanced - INFO - [unreal_mcp_server_advanced.py:154] - Successfully connected to Unreal Engine
2026-02-12 02:24:34,365 - UnrealMCP_Advanced - INFO - [unreal_mcp_server_advanced.py:362] - Sending command (attempt 1): add_blueprint_node
2026-02-12 02:24:34,365 - UnrealMCP_Advanced - DEBUG - [unreal_mcp_server_advanced.py:363] - Command payload: {"type": "add_blueprint_node", "params": {"blueprint_name": "/Game/Blueprints/MCP/BP_MCP_Enemy02", "node_type": "VariableGet", "node_params": {"pos_x": 200.0, "pos_y": 150.0, "event_type": "BeginPlay", "variable_name": "NewGravityScale"}}}...
2026-02-12 02:24:34,492 - UnrealMCP_Advanced - INFO - [unreal_mcp_server_advanced.py:264] - Received complete response (169 bytes) for add_blueprint_node
2026-02-12 02:24:34,492 - UnrealMCP_Advanced - INFO - [unreal_mcp_server_advanced.py:380] - Command add_blueprint_node completed successfully
2026-02-12 02:24:34,492 - BlueprintGraph.NodeManager - ERROR - [node_manager.py:71] - Failed to add node: Unknown error
2026-02-12 02:24:34,492 - mcp.server.lowlevel.server - DEBUG - [server.py:572] - Response sent
2026-02-12 02:24:37,914 - mcp.server.lowlevel.server - DEBUG - [server.py:491] - Received message: <mcp.shared.session.RequestResponder object at 0x0000023AAAFDB770>
2026-02-12 02:24:37,915 - mcp.server.lowlevel.server - INFO - [server.py:534] - Processing request of type CallToolRequest
2026-02-12 02:24:37,915 - mcp.server.lowlevel.server - DEBUG - [server.py:537] - Dispatching request of type CallToolRequest
2026-02-12 02:24:37,915 - UnrealMCP_Advanced - INFO - [unreal_mcp_server_advanced.py:147] - Connecting to Unreal at 127.0.0.1:55557 (attempt 1/4)...
2026-02-12 02:24:37,927 - UnrealMCP_Advanced - INFO - [unreal_mcp_server_advanced.py:154] - Successfully connected to Unreal Engine
2026-02-12 02:24:37,927 - UnrealMCP_Advanced - INFO - [unreal_mcp_server_advanced.py:362] - Sending command (attempt 1): add_blueprint_node
2026-02-12 02:24:37,927 - UnrealMCP_Advanced - DEBUG - [unreal_mcp_server_advanced.py:363] - Command payload: {"type": "add_blueprint_node", "params": {"blueprint_name": "/Game/Blueprints/MCP/BP_MCP_Enemy02", "node_type": "Print", "node_params": {"pos_x": 200.0, "pos_y": 0.0, "message": "CharacterMovement GravityScale set to 0.0", "event_type": "BeginPlay"}}}...
2026-02-12 02:24:38,159 - UnrealMCP_Advanced - INFO - [unreal_mcp_server_advanced.py:264] - Received complete response (162 bytes) for add_blueprint_node
2026-02-12 02:24:38,159 - UnrealMCP_Advanced - INFO - [unreal_mcp_server_advanced.py:380] - Command add_blueprint_node completed successfully
2026-02-12 02:24:38,159 - BlueprintGraph.NodeManager - ERROR - [node_manager.py:71] - Failed to add node: Unknown error
2026-02-12 02:24:38,159 - mcp.server.lowlevel.server - DEBUG - [server.py:572] - Response sent
2026-02-12 02:24:42,937 - mcp.server.lowlevel.server - DEBUG - [server.py:491] - Received message: <mcp.shared.session.RequestResponder object at 0x0000023AAB19C320>
2026-02-12 02:24:42,938 - mcp.server.lowlevel.server - INFO - [server.py:534] - Processing request of type CallToolRequest
2026-02-12 02:24:42,938 - mcp.server.lowlevel.server - DEBUG - [server.py:537] - Dispatching request of type CallToolRequest
2026-02-12 02:24:42,938 - UnrealMCP_Advanced - INFO - [unreal_mcp_server_advanced.py:147] - Connecting to Unreal at 127.0.0.1:55557 (attempt 1/4)...
2026-02-12 02:24:42,951 - UnrealMCP_Advanced - INFO - [unreal_mcp_server_advanced.py:154] - Successfully connected to Unreal Engine
2026-02-12 02:24:42,951 - UnrealMCP_Advanced - INFO - [unreal_mcp_server_advanced.py:362] - Sending command (attempt 1): connect_nodes
2026-02-12 02:24:42,951 - UnrealMCP_Advanced - DEBUG - [unreal_mcp_server_advanced.py:363] - Command payload: {"type": "connect_nodes", "params": {"blueprint_name": "/Game/Blueprints/MCP/BP_MCP_Enemy02", "source_node_id": "K2Node_Event_0", "source_pin_name": "then", "target_node_id": "K2Node_CallFunction_0", "target_pin_name": "execute"}}...
2026-02-12 02:24:43,028 - UnrealMCP_Advanced - INFO - [unreal_mcp_server_advanced.py:264] - Received complete response (260 bytes) for connect_nodes
2026-02-12 02:24:43,028 - UnrealMCP_Advanced - INFO - [unreal_mcp_server_advanced.py:380] - Command connect_nodes completed successfully
2026-02-12 02:24:43,028 - BlueprintGraph.ConnectorManager - ERROR - [connector_manager.py:74] - Failed to connect nodes: Unknown error
2026-02-12 02:24:43,028 - mcp.server.lowlevel.server - DEBUG - [server.py:572] - Response sent
2026-02-12 02:24:47,413 - mcp.server.lowlevel.server - DEBUG - [server.py:491] - Received message: <mcp.shared.session.RequestResponder object at 0x0000023AAB19C9E0>
2026-02-12 02:24:47,414 - mcp.server.lowlevel.server - INFO - [server.py:534] - Processing request of type CallToolRequest
2026-02-12 02:24:47,414 - mcp.server.lowlevel.server - DEBUG - [server.py:537] - Dispatching request of type CallToolRequest
2026-02-12 02:24:47,414 - UnrealMCP_Advanced - INFO - [unreal_mcp_server_advanced.py:147] - Connecting to Unreal at 127.0.0.1:55557 (attempt 1/4)...
2026-02-12 02:24:47,439 - UnrealMCP_Advanced - INFO - [unreal_mcp_server_advanced.py:154] - Successfully connected to Unreal Engine
2026-02-12 02:24:47,439 - UnrealMCP_Advanced - INFO - [unreal_mcp_server_advanced.py:362] - Sending command (attempt 1): compile_blueprint
2026-02-12 02:24:47,439 - UnrealMCP_Advanced - DEBUG - [unreal_mcp_server_advanced.py:363] - Command payload: {"type": "compile_blueprint", "params": {"blueprint_name": "/Game/Blueprints/MCP/BP_MCP_Enemy02"}}...
2026-02-12 02:24:47,569 - UnrealMCP_Advanced - INFO - [unreal_mcp_server_advanced.py:264] - Received complete response (117 bytes) for compile_blueprint
2026-02-12 02:24:47,569 - UnrealMCP_Advanced - INFO - [unreal_mcp_server_advanced.py:380] - Command compile_blueprint completed successfully
2026-02-12 02:24:47,569 - mcp.server.lowlevel.server - DEBUG - [server.py:572] - Response sent
2026-02-12 02:25:42,420 - mcp.server.lowlevel.server - DEBUG - [server.py:491] - Received message: <mcp.shared.session.RequestResponder object at 0x0000023AAAFDB770>
2026-02-12 02:25:42,420 - mcp.server.lowlevel.server - INFO - [server.py:534] - Processing request of type CallToolRequest
2026-02-12 02:25:42,420 - mcp.server.lowlevel.server - DEBUG - [server.py:537] - Dispatching request of type CallToolRequest
2026-02-12 02:25:42,420 - UnrealMCP_Advanced - INFO - [unreal_mcp_server_advanced.py:734] - Analyzing Blueprint graph: /Game/Blueprints/MCP/BP_MCP_Enemy02 -> EventGraph
2026-02-12 02:25:42,420 - UnrealMCP_Advanced - INFO - [unreal_mcp_server_advanced.py:147] - Connecting to Unreal at 127.0.0.1:55557 (attempt 1/4)...
2026-02-12 02:25:42,444 - UnrealMCP_Advanced - INFO - [unreal_mcp_server_advanced.py:154] - Successfully connected to Unreal Engine
2026-02-12 02:25:42,444 - UnrealMCP_Advanced - INFO - [unreal_mcp_server_advanced.py:362] - Sending command (attempt 1): analyze_blueprint_graph
2026-02-12 02:25:42,444 - UnrealMCP_Advanced - DEBUG - [unreal_mcp_server_advanced.py:363] - Command payload: {"type": "analyze_blueprint_graph", "params": {"blueprint_path": "/Game/Blueprints/MCP/BP_MCP_Enemy02", "graph_name": "EventGraph", "include_node_details": true, "include_pin_connections": true, "trace_execution_flow": true}}...
2026-02-12 02:25:42,536 - UnrealMCP_Advanced - INFO - [unreal_mcp_server_advanced.py:264] - Received complete response (3460 bytes) for analyze_blueprint_graph
2026-02-12 02:25:42,537 - UnrealMCP_Advanced - INFO - [unreal_mcp_server_advanced.py:380] - Command analyze_blueprint_graph completed successfully
2026-02-12 02:25:42,537 - mcp.server.lowlevel.server - DEBUG - [server.py:572] - Response sent
2026-02-12 02:25:46,224 - mcp.server.lowlevel.server - DEBUG - [server.py:491] - Received message: <mcp.shared.session.RequestResponder object at 0x0000023AAB19C560>
2026-02-12 02:25:46,225 - mcp.server.lowlevel.server - INFO - [server.py:534] - Processing request of type CallToolRequest
2026-02-12 02:25:46,225 - mcp.server.lowlevel.server - DEBUG - [server.py:537] - Dispatching request of type CallToolRequest
2026-02-12 02:25:46,225 - UnrealMCP_Advanced - INFO - [unreal_mcp_server_advanced.py:147] - Connecting to Unreal at 127.0.0.1:55557 (attempt 1/4)...
2026-02-12 02:25:46,247 - UnrealMCP_Advanced - INFO - [unreal_mcp_server_advanced.py:154] - Successfully connected to Unreal Engine
2026-02-12 02:25:46,247 - UnrealMCP_Advanced - INFO - [unreal_mcp_server_advanced.py:362] - Sending command (attempt 1): add_blueprint_node
2026-02-12 02:25:46,247 - UnrealMCP_Advanced - DEBUG - [unreal_mcp_server_advanced.py:363] - Command payload: {"type": "add_blueprint_node", "params": {"blueprint_name": "/Game/Blueprints/MCP/BP_MCP_Enemy02", "node_type": "VariableSet", "node_params": {"pos_x": 500.0, "pos_y": 0.0, "event_type": "BeginPlay", "variable_name": "GravityScale"}}}...
2026-02-12 02:25:46,538 - UnrealMCP_Advanced - INFO - [unreal_mcp_server_advanced.py:264] - Received complete response (167 bytes) for add_blueprint_node
2026-02-12 02:25:46,538 - UnrealMCP_Advanced - INFO - [unreal_mcp_server_advanced.py:380] - Command add_blueprint_node completed successfully
2026-02-12 02:25:46,538 - BlueprintGraph.NodeManager - ERROR - [node_manager.py:71] - Failed to add node: Unknown error
2026-02-12 02:25:46,538 - mcp.server.lowlevel.server - DEBUG - [server.py:572] - Response sent
2026-02-12 02:25:49,780 - mcp.server.lowlevel.server - DEBUG - [server.py:491] - Received message: <mcp.shared.session.RequestResponder object at 0x0000023AAB19C320>
2026-02-12 02:25:49,780 - mcp.server.lowlevel.server - INFO - [server.py:534] - Processing request of type CallToolRequest
2026-02-12 02:25:49,780 - mcp.server.lowlevel.server - DEBUG - [server.py:537] - Dispatching request of type CallToolRequest
2026-02-12 02:25:49,781 - UnrealMCP_Advanced - INFO - [unreal_mcp_server_advanced.py:147] - Connecting to Unreal at 127.0.0.1:55557 (attempt 1/4)...
2026-02-12 02:25:49,801 - UnrealMCP_Advanced - INFO - [unreal_mcp_server_advanced.py:154] - Successfully connected to Unreal Engine
2026-02-12 02:25:49,801 - UnrealMCP_Advanced - INFO - [unreal_mcp_server_advanced.py:362] - Sending command (attempt 1): connect_nodes
2026-02-12 02:25:49,801 - UnrealMCP_Advanced - DEBUG - [unreal_mcp_server_advanced.py:363] - Command payload: {"type": "connect_nodes", "params": {"blueprint_name": "/Game/Blueprints/MCP/BP_MCP_Enemy02", "source_node_id": "K2Node_CallFunction_0", "source_pin_name": "then", "target_node_id": "K2Node_VariableSet_0", "target_pin_name": "execute"}}...
2026-02-12 02:25:49,925 - UnrealMCP_Advanced - INFO - [unreal_mcp_server_advanced.py:264] - Received complete response (266 bytes) for connect_nodes
2026-02-12 02:25:49,925 - UnrealMCP_Advanced - INFO - [unreal_mcp_server_advanced.py:380] - Command connect_nodes completed successfully
2026-02-12 02:25:49,926 - BlueprintGraph.ConnectorManager - ERROR - [connector_manager.py:74] - Failed to connect nodes: Unknown error
2026-02-12 02:25:49,926 - mcp.server.lowlevel.server - DEBUG - [server.py:572] - Response sent
2026-02-12 02:25:53,183 - mcp.server.lowlevel.server - DEBUG - [server.py:491] - Received message: <mcp.shared.session.RequestResponder object at 0x0000023AAAFDB770>
2026-02-12 02:25:53,184 - mcp.server.lowlevel.server - INFO - [server.py:534] - Processing request of type CallToolRequest
2026-02-12 02:25:53,184 - mcp.server.lowlevel.server - DEBUG - [server.py:537] - Dispatching request of type CallToolRequest
2026-02-12 02:25:53,184 - UnrealMCP_Advanced - INFO - [unreal_mcp_server_advanced.py:147] - Connecting to Unreal at 127.0.0.1:55557 (attempt 1/4)...
2026-02-12 02:25:53,207 - UnrealMCP_Advanced - INFO - [unreal_mcp_server_advanced.py:154] - Successfully connected to Unreal Engine
2026-02-12 02:25:53,207 - UnrealMCP_Advanced - INFO - [unreal_mcp_server_advanced.py:362] - Sending command (attempt 1): connect_nodes
2026-02-12 02:25:53,207 - UnrealMCP_Advanced - DEBUG - [unreal_mcp_server_advanced.py:363] - Command payload: {"type": "connect_nodes", "params": {"blueprint_name": "/Game/Blueprints/MCP/BP_MCP_Enemy02", "source_node_id": "K2Node_VariableGet_1", "source_pin_name": "NewGravityScale", "target_node_id": "K2Node_VariableSet_0", "target_pin_name": "GravityScale"}}...
2026-02-12 02:25:53,538 - UnrealMCP_Advanced - INFO - [unreal_mcp_server_advanced.py:264] - Received complete response (52 bytes) for connect_nodes
2026-02-12 02:25:53,538 - UnrealMCP_Advanced - INFO - [unreal_mcp_server_advanced.py:380] - Command connect_nodes completed successfully
2026-02-12 02:25:53,538 - UnrealMCP_Advanced - WARNING - [unreal_mcp_server_advanced.py:385] - Unreal returned error: Pin not found
2026-02-12 02:25:53,538 - BlueprintGraph.ConnectorManager - ERROR - [connector_manager.py:74] - Failed to connect nodes: Pin not found
2026-02-12 02:25:53,539 - mcp.server.lowlevel.server - DEBUG - [server.py:572] - Response sent
2026-02-12 02:25:57,639 - mcp.server.lowlevel.server - DEBUG - [server.py:491] - Received message: <mcp.shared.session.RequestResponder object at 0x0000023AAB19C9E0>
2026-02-12 02:25:57,639 - mcp.server.lowlevel.server - INFO - [server.py:534] - Processing request of type CallToolRequest
2026-02-12 02:25:57,639 - mcp.server.lowlevel.server - DEBUG - [server.py:537] - Dispatching request of type CallToolRequest
2026-02-12 02:25:57,639 - UnrealMCP_Advanced - INFO - [unreal_mcp_server_advanced.py:734] - Analyzing Blueprint graph: /Game/Blueprints/MCP/BP_MCP_Enemy02 -> EventGraph
2026-02-12 02:25:57,640 - UnrealMCP_Advanced - INFO - [unreal_mcp_server_advanced.py:147] - Connecting to Unreal at 127.0.0.1:55557 (attempt 1/4)...
2026-02-12 02:25:57,663 - UnrealMCP_Advanced - INFO - [unreal_mcp_server_advanced.py:154] - Successfully connected to Unreal Engine
2026-02-12 02:25:57,663 - UnrealMCP_Advanced - INFO - [unreal_mcp_server_advanced.py:362] - Sending command (attempt 1): analyze_blueprint_graph
2026-02-12 02:25:57,663 - UnrealMCP_Advanced - DEBUG - [unreal_mcp_server_advanced.py:363] - Command payload: {"type": "analyze_blueprint_graph", "params": {"blueprint_path": "/Game/Blueprints/MCP/BP_MCP_Enemy02", "graph_name": "EventGraph", "include_node_details": true, "include_pin_connections": true, "trace_execution_flow": true}}...
2026-02-12 02:26:27,674 - UnrealMCP_Advanced - WARNING - [unreal_mcp_server_advanced.py:314] - Command failed (attempt 1/4): Timeout after 30.0s waiting for response to analyze_blueprint_graph (received 0 bytes)
2026-02-12 02:26:27,674 - UnrealMCP_Advanced - DEBUG - [unreal_mcp_server_advanced.py:200] - Disconnected from Unreal Engine
2026-02-12 02:26:27,674 - UnrealMCP_Advanced - INFO - [unreal_mcp_server_advanced.py:321] - Retrying command in 0.5s...
2026-02-12 02:26:28,174 - UnrealMCP_Advanced - INFO - [unreal_mcp_server_advanced.py:147] - Connecting to Unreal at 127.0.0.1:55557 (attempt 1/4)...
2026-02-12 02:26:28,193 - UnrealMCP_Advanced - INFO - [unreal_mcp_server_advanced.py:154] - Successfully connected to Unreal Engine
2026-02-12 02:26:28,193 - UnrealMCP_Advanced - INFO - [unreal_mcp_server_advanced.py:362] - Sending command (attempt 2): analyze_blueprint_graph
2026-02-12 02:26:28,193 - UnrealMCP_Advanced - DEBUG - [unreal_mcp_server_advanced.py:363] - Command payload: {"type": "analyze_blueprint_graph", "params": {"blueprint_path": "/Game/Blueprints/MCP/BP_MCP_Enemy02", "graph_name": "EventGraph", "include_node_details": true, "include_pin_connections": true, "trace_execution_flow": true}}...
2026-02-12 02:26:28,228 - UnrealMCP_Advanced - INFO - [unreal_mcp_server_advanced.py:264] - Received complete response (1202 bytes) for analyze_blueprint_graph
2026-02-12 02:26:28,228 - UnrealMCP_Advanced - INFO - [unreal_mcp_server_advanced.py:380] - Command analyze_blueprint_graph completed successfully
2026-02-12 02:26:28,229 - mcp.server.lowlevel.server - DEBUG - [server.py:572] - Response sent
2026-02-12 02:27:04,669 - mcp.server.lowlevel.server - DEBUG - [server.py:491] - Received message: <mcp.shared.session.RequestResponder object at 0x0000023AAB19C560>
2026-02-12 02:27:04,669 - mcp.server.lowlevel.server - INFO - [server.py:534] - Processing request of type CallToolRequest
2026-02-12 02:27:04,669 - mcp.server.lowlevel.server - DEBUG - [server.py:537] - Dispatching request of type CallToolRequest
2026-02-12 02:27:04,669 - UnrealMCP_Advanced - INFO - [unreal_mcp_server_advanced.py:734] - Analyzing Blueprint graph: /Game/Blueprints/MCP/BP_MCP_Enemy02 -> EventGraph
2026-02-12 02:27:04,669 - UnrealMCP_Advanced - INFO - [unreal_mcp_server_advanced.py:147] - Connecting to Unreal at 127.0.0.1:55557 (attempt 1/4)...
2026-02-12 02:27:04,669 - UnrealMCP_Advanced - INFO - [unreal_mcp_server_advanced.py:154] - Successfully connected to Unreal Engine
2026-02-12 02:27:04,669 - UnrealMCP_Advanced - INFO - [unreal_mcp_server_advanced.py:362] - Sending command (attempt 1): analyze_blueprint_graph
2026-02-12 02:27:04,669 - UnrealMCP_Advanced - DEBUG - [unreal_mcp_server_advanced.py:363] - Command payload: {"type": "analyze_blueprint_graph", "params": {"blueprint_path": "/Game/Blueprints/MCP/BP_MCP_Enemy02", "graph_name": "EventGraph", "include_node_details": true, "include_pin_connections": true, "trace_execution_flow": true}}...
2026-02-12 02:27:05,010 - UnrealMCP_Advanced - INFO - [unreal_mcp_server_advanced.py:264] - Received complete response (1202 bytes) for analyze_blueprint_graph
2026-02-12 02:27:05,010 - UnrealMCP_Advanced - INFO - [unreal_mcp_server_advanced.py:380] - Command analyze_blueprint_graph completed successfully
2026-02-12 02:27:05,011 - mcp.server.lowlevel.server - DEBUG - [server.py:572] - Response sent
2026-02-12 02:27:10,726 - mcp.server.lowlevel.server - DEBUG - [server.py:491] - Received message: <mcp.shared.session.RequestResponder object at 0x0000023AAAFDB770>
2026-02-12 02:27:10,726 - mcp.server.lowlevel.server - INFO - [server.py:534] - Processing request of type CallToolRequest
2026-02-12 02:27:10,726 - mcp.server.lowlevel.server - DEBUG - [server.py:537] - Dispatching request of type CallToolRequest
2026-02-12 02:27:10,726 - UnrealMCP_Advanced - INFO - [unreal_mcp_server_advanced.py:147] - Connecting to Unreal at 127.0.0.1:55557 (attempt 1/4)...
2026-02-12 02:27:10,748 - UnrealMCP_Advanced - INFO - [unreal_mcp_server_advanced.py:154] - Successfully connected to Unreal Engine
2026-02-12 02:27:10,748 - UnrealMCP_Advanced - INFO - [unreal_mcp_server_advanced.py:362] - Sending command (attempt 1): add_blueprint_node
2026-02-12 02:27:10,748 - UnrealMCP_Advanced - DEBUG - [unreal_mcp_server_advanced.py:363] - Command payload: {"type": "add_blueprint_node", "params": {"blueprint_name": "/Game/Blueprints/MCP/BP_MCP_Enemy02", "node_type": "Event", "node_params": {"pos_x": -600.0, "pos_y": 0.0, "event_type": "BeginPlay"}}}...
2026-02-12 02:27:40,757 - UnrealMCP_Advanced - WARNING - [unreal_mcp_server_advanced.py:314] - Command failed (attempt 1/4): Timeout after 30.0s waiting for response to add_blueprint_node (received 0 bytes)
2026-02-12 02:27:40,757 - UnrealMCP_Advanced - DEBUG - [unreal_mcp_server_advanced.py:200] - Disconnected from Unreal Engine
2026-02-12 02:27:40,757 - UnrealMCP_Advanced - INFO - [unreal_mcp_server_advanced.py:321] - Retrying command in 0.5s...
2026-02-12 02:27:41,258 - UnrealMCP_Advanced - INFO - [unreal_mcp_server_advanced.py:147] - Connecting to Unreal at 127.0.0.1:55557 (attempt 1/4)...
2026-02-12 02:27:41,272 - UnrealMCP_Advanced - INFO - [unreal_mcp_server_advanced.py:154] - Successfully connected to Unreal Engine
2026-02-12 02:27:41,272 - UnrealMCP_Advanced - INFO - [unreal_mcp_server_advanced.py:362] - Sending command (attempt 2): add_blueprint_node
2026-02-12 02:27:41,272 - UnrealMCP_Advanced - DEBUG - [unreal_mcp_server_advanced.py:363] - Command payload: {"type": "add_blueprint_node", "params": {"blueprint_name": "/Game/Blueprints/MCP/BP_MCP_Enemy02", "node_type": "Event", "node_params": {"pos_x": -600.0, "pos_y": 0.0, "event_type": "BeginPlay"}}}...
2026-02-12 02:27:41,621 - UnrealMCP_Advanced - INFO - [unreal_mcp_server_advanced.py:264] - Received complete response (156 bytes) for add_blueprint_node
2026-02-12 02:27:41,621 - UnrealMCP_Advanced - INFO - [unreal_mcp_server_advanced.py:380] - Command add_blueprint_node completed successfully
2026-02-12 02:27:41,621 - BlueprintGraph.NodeManager - ERROR - [node_manager.py:71] - Failed to add node: Unknown error
2026-02-12 02:27:41,622 - mcp.server.lowlevel.server - DEBUG - [server.py:572] - Response sent
2026-02-12 02:31:55,273 - mcp.server.lowlevel.server - DEBUG - [server.py:491] - Received message: <mcp.shared.session.RequestResponder object at 0x0000023AAB19C0E0>
2026-02-12 02:31:55,273 - mcp.server.lowlevel.server - INFO - [server.py:534] - Processing request of type CallToolRequest
2026-02-12 02:31:55,273 - mcp.server.lowlevel.server - DEBUG - [server.py:537] - Dispatching request of type CallToolRequest
2026-02-12 02:31:55,273 - UnrealMCP_Advanced - INFO - [unreal_mcp_server_advanced.py:147] - Connecting to Unreal at 127.0.0.1:55557 (attempt 1/4)...
2026-02-12 02:31:55,297 - UnrealMCP_Advanced - INFO - [unreal_mcp_server_advanced.py:154] - Successfully connected to Unreal Engine
2026-02-12 02:31:55,297 - UnrealMCP_Advanced - INFO - [unreal_mcp_server_advanced.py:362] - Sending command (attempt 1): add_blueprint_node
2026-02-12 02:31:55,297 - UnrealMCP_Advanced - DEBUG - [unreal_mcp_server_advanced.py:363] - Command payload: {"type": "add_blueprint_node", "params": {"blueprint_name": "/Game/Blueprints/MCP/BP_MCP_Enemy02", "node_type": "CallFunction", "node_params": {"pos_x": 100.0, "pos_y": 0.0, "event_type": "BeginPlay", "target_function": "GetGravityScale", "target_class": "CharacterMovementComponent"}}}...
2026-02-12 02:31:55,486 - UnrealMCP_Advanced - INFO - [unreal_mcp_server_advanced.py:264] - Received complete response (73 bytes) for add_blueprint_node
2026-02-12 02:31:55,487 - UnrealMCP_Advanced - INFO - [unreal_mcp_server_advanced.py:380] - Command add_blueprint_node completed successfully
2026-02-12 02:31:55,487 - UnrealMCP_Advanced - WARNING - [unreal_mcp_server_advanced.py:385] - Unreal returned error: Failed to create CallFunction node
2026-02-12 02:31:55,487 - BlueprintGraph.NodeManager - ERROR - [node_manager.py:71] - Failed to add node: Failed to create CallFunction node
2026-02-12 02:31:55,487 - mcp.server.lowlevel.server - DEBUG - [server.py:572] - Response sent
2026-02-12 02:31:58,285 - mcp.server.lowlevel.server - DEBUG - [server.py:491] - Received message: <mcp.shared.session.RequestResponder object at 0x0000023AAB19C9E0>
2026-02-12 02:31:58,286 - mcp.server.lowlevel.server - INFO - [server.py:534] - Processing request of type CallToolRequest
2026-02-12 02:31:58,286 - mcp.server.lowlevel.server - DEBUG - [server.py:537] - Dispatching request of type CallToolRequest
2026-02-12 02:31:58,286 - UnrealMCP_Advanced - INFO - [unreal_mcp_server_advanced.py:734] - Analyzing Blueprint graph: /Game/Blueprints/MCP/BP_MCP_Enemy02 -> EventGraph
2026-02-12 02:31:58,286 - UnrealMCP_Advanced - INFO - [unreal_mcp_server_advanced.py:147] - Connecting to Unreal at 127.0.0.1:55557 (attempt 1/4)...
2026-02-12 02:31:58,308 - UnrealMCP_Advanced - INFO - [unreal_mcp_server_advanced.py:154] - Successfully connected to Unreal Engine
2026-02-12 02:31:58,308 - UnrealMCP_Advanced - INFO - [unreal_mcp_server_advanced.py:362] - Sending command (attempt 1): analyze_blueprint_graph
2026-02-12 02:31:58,308 - UnrealMCP_Advanced - DEBUG - [unreal_mcp_server_advanced.py:363] - Command payload: {"type": "analyze_blueprint_graph", "params": {"blueprint_path": "/Game/Blueprints/MCP/BP_MCP_Enemy02", "graph_name": "EventGraph", "include_node_details": true, "include_pin_connections": true, "trace_execution_flow": true}}...
2026-02-12 02:32:28,312 - UnrealMCP_Advanced - WARNING - [unreal_mcp_server_advanced.py:314] - Command failed (attempt 1/4): Timeout after 30.0s waiting for response to analyze_blueprint_graph (received 0 bytes)
2026-02-12 02:32:28,312 - UnrealMCP_Advanced - DEBUG - [unreal_mcp_server_advanced.py:200] - Disconnected from Unreal Engine
2026-02-12 02:32:28,312 - UnrealMCP_Advanced - INFO - [unreal_mcp_server_advanced.py:321] - Retrying command in 0.5s...
2026-02-12 02:32:28,813 - UnrealMCP_Advanced - INFO - [unreal_mcp_server_advanced.py:147] - Connecting to Unreal at 127.0.0.1:55557 (attempt 1/4)...
2026-02-12 02:32:28,813 - UnrealMCP_Advanced - INFO - [unreal_mcp_server_advanced.py:154] - Successfully connected to Unreal Engine
2026-02-12 02:32:28,813 - UnrealMCP_Advanced - INFO - [unreal_mcp_server_advanced.py:362] - Sending command (attempt 2): analyze_blueprint_graph
2026-02-12 02:32:28,813 - UnrealMCP_Advanced - DEBUG - [unreal_mcp_server_advanced.py:363] - Command payload: {"type": "analyze_blueprint_graph", "params": {"blueprint_path": "/Game/Blueprints/MCP/BP_MCP_Enemy02", "graph_name": "EventGraph", "include_node_details": true, "include_pin_connections": true, "trace_execution_flow": true}}...
2026-02-12 02:32:29,153 - UnrealMCP_Advanced - INFO - [unreal_mcp_server_advanced.py:264] - Received complete response (719 bytes) for analyze_blueprint_graph
2026-02-12 02:32:29,153 - UnrealMCP_Advanced - INFO - [unreal_mcp_server_advanced.py:380] - Command analyze_blueprint_graph completed successfully
2026-02-12 02:32:29,154 - mcp.server.lowlevel.server - DEBUG - [server.py:572] - Response sent
2026-02-12 02:32:32,169 - mcp.server.lowlevel.server - DEBUG - [server.py:491] - Received message: <mcp.shared.session.RequestResponder object at 0x0000023AAAFDB770>
2026-02-12 02:32:32,169 - mcp.server.lowlevel.server - INFO - [server.py:534] - Processing request of type CallToolRequest
2026-02-12 02:32:32,169 - mcp.server.lowlevel.server - DEBUG - [server.py:537] - Dispatching request of type CallToolRequest
2026-02-12 02:32:32,170 - UnrealMCP_Advanced - INFO - [unreal_mcp_server_advanced.py:147] - Connecting to Unreal at 127.0.0.1:55557 (attempt 1/4)...
2026-02-12 02:32:32,184 - UnrealMCP_Advanced - INFO - [unreal_mcp_server_advanced.py:154] - Successfully connected to Unreal Engine
2026-02-12 02:32:32,185 - UnrealMCP_Advanced - INFO - [unreal_mcp_server_advanced.py:362] - Sending command (attempt 1): add_blueprint_node
2026-02-12 02:32:32,185 - UnrealMCP_Advanced - DEBUG - [unreal_mcp_server_advanced.py:363] - Command payload: {"type": "add_blueprint_node", "params": {"blueprint_name": "/Game/Blueprints/MCP/BP_MCP_Enemy02", "node_type": "VariableGet", "node_params": {"pos_x": -300.0, "pos_y": 100.0, "event_type": "BeginPlay", "variable_name": "CharacterMovement"}}}...
2026-02-12 02:32:32,487 - UnrealMCP_Advanced - INFO - [unreal_mcp_server_advanced.py:264] - Received complete response (170 bytes) for add_blueprint_node
2026-02-12 02:32:32,488 - UnrealMCP_Advanced - INFO - [unreal_mcp_server_advanced.py:380] - Command add_blueprint_node completed successfully
2026-02-12 02:32:32,488 - BlueprintGraph.NodeManager - ERROR - [node_manager.py:71] - Failed to add node: Unknown error
2026-02-12 02:32:32,488 - mcp.server.lowlevel.server - DEBUG - [server.py:572] - Response sent
2026-02-12 02:32:40,157 - mcp.server.lowlevel.server - DEBUG - [server.py:491] - Received message: <mcp.shared.session.RequestResponder object at 0x0000023AAB19C320>
2026-02-12 02:32:40,157 - mcp.server.lowlevel.server - INFO - [server.py:534] - Processing request of type CallToolRequest
2026-02-12 02:32:40,157 - mcp.server.lowlevel.server - DEBUG - [server.py:537] - Dispatching request of type CallToolRequest
2026-02-12 02:32:40,157 - UnrealMCP_Advanced - INFO - [unreal_mcp_server_advanced.py:147] - Connecting to Unreal at 127.0.0.1:55557 (attempt 1/4)...
2026-02-12 02:32:40,182 - UnrealMCP_Advanced - INFO - [unreal_mcp_server_advanced.py:154] - Successfully connected to Unreal Engine
2026-02-12 02:32:40,182 - UnrealMCP_Advanced - INFO - [unreal_mcp_server_advanced.py:362] - Sending command (attempt 1): add_blueprint_node
2026-02-12 02:32:40,182 - UnrealMCP_Advanced - DEBUG - [unreal_mcp_server_advanced.py:363] - Command payload: {"type": "add_blueprint_node", "params": {"blueprint_name": "/Game/Blueprints/MCP/BP_MCP_Enemy02", "node_type": "Print", "node_params": {"pos_x": 100.0, "pos_y": 0.0, "message": "Getting GravityScale from CharacterMovement", "event_type": "BeginPlay"}}}...
2026-02-12 02:32:40,489 - UnrealMCP_Advanced - INFO - [unreal_mcp_server_advanced.py:264] - Received complete response (162 bytes) for add_blueprint_node
2026-02-12 02:32:40,489 - UnrealMCP_Advanced - INFO - [unreal_mcp_server_advanced.py:380] - Command add_blueprint_node completed successfully
2026-02-12 02:32:40,489 - BlueprintGraph.NodeManager - ERROR - [node_manager.py:71] - Failed to add node: Unknown error
2026-02-12 02:32:40,489 - mcp.server.lowlevel.server - DEBUG - [server.py:572] - Response sent
2026-02-12 02:32:43,899 - mcp.server.lowlevel.server - DEBUG - [server.py:491] - Received message: <mcp.shared.session.RequestResponder object at 0x0000023AAB19C560>
2026-02-12 02:32:43,899 - mcp.server.lowlevel.server - INFO - [server.py:534] - Processing request of type CallToolRequest
2026-02-12 02:32:43,899 - mcp.server.lowlevel.server - DEBUG - [server.py:537] - Dispatching request of type CallToolRequest
2026-02-12 02:32:43,899 - UnrealMCP_Advanced - INFO - [unreal_mcp_server_advanced.py:147] - Connecting to Unreal at 127.0.0.1:55557 (attempt 1/4)...
2026-02-12 02:32:43,916 - UnrealMCP_Advanced - INFO - [unreal_mcp_server_advanced.py:154] - Successfully connected to Unreal Engine
2026-02-12 02:32:43,916 - UnrealMCP_Advanced - INFO - [unreal_mcp_server_advanced.py:362] - Sending command (attempt 1): connect_nodes
2026-02-12 02:32:43,916 - UnrealMCP_Advanced - DEBUG - [unreal_mcp_server_advanced.py:363] - Command payload: {"type": "connect_nodes", "params": {"blueprint_name": "/Game/Blueprints/MCP/BP_MCP_Enemy02", "source_node_id": "K2Node_Event_1", "source_pin_name": "then", "target_node_id": "K2Node_CallFunction_2", "target_pin_name": "execute"}}...
2026-02-12 02:33:13,924 - UnrealMCP_Advanced - WARNING - [unreal_mcp_server_advanced.py:314] - Command failed (attempt 1/4): Timeout after 30.0s waiting for response to connect_nodes (received 0 bytes)
2026-02-12 02:33:13,924 - UnrealMCP_Advanced - DEBUG - [unreal_mcp_server_advanced.py:200] - Disconnected from Unreal Engine
2026-02-12 02:33:13,924 - UnrealMCP_Advanced - INFO - [unreal_mcp_server_advanced.py:321] - Retrying command in 0.5s...
2026-02-12 02:33:14,425 - UnrealMCP_Advanced - INFO - [unreal_mcp_server_advanced.py:147] - Connecting to Unreal at 127.0.0.1:55557 (attempt 1/4)...
2026-02-12 02:33:14,440 - UnrealMCP_Advanced - INFO - [unreal_mcp_server_advanced.py:154] - Successfully connected to Unreal Engine
2026-02-12 02:33:14,440 - UnrealMCP_Advanced - INFO - [unreal_mcp_server_advanced.py:362] - Sending command (attempt 2): connect_nodes
2026-02-12 02:33:14,440 - UnrealMCP_Advanced - DEBUG - [unreal_mcp_server_advanced.py:363] - Command payload: {"type": "connect_nodes", "params": {"blueprint_name": "/Game/Blueprints/MCP/BP_MCP_Enemy02", "source_node_id": "K2Node_Event_1", "source_pin_name": "then", "target_node_id": "K2Node_CallFunction_2", "target_pin_name": "execute"}}...
2026-02-12 02:33:14,534 - UnrealMCP_Advanced - INFO - [unreal_mcp_server_advanced.py:264] - Received complete response (260 bytes) for connect_nodes
2026-02-12 02:33:14,535 - UnrealMCP_Advanced - INFO - [unreal_mcp_server_advanced.py:380] - Command connect_nodes completed successfully
2026-02-12 02:33:14,535 - BlueprintGraph.ConnectorManager - ERROR - [connector_manager.py:74] - Failed to connect nodes: Unknown error
2026-02-12 02:33:14,535 - mcp.server.lowlevel.server - DEBUG - [server.py:572] - Response sent
2026-02-12 02:33:16,825 - mcp.server.lowlevel.server - DEBUG - [server.py:491] - Received message: <mcp.shared.session.RequestResponder object at 0x0000023AAAFDB770>
2026-02-12 02:33:16,825 - mcp.server.lowlevel.server - INFO - [server.py:534] - Processing request of type CallToolRequest
2026-02-12 02:33:16,825 - mcp.server.lowlevel.server - DEBUG - [server.py:537] - Dispatching request of type CallToolRequest
2026-02-12 02:33:16,825 - UnrealMCP_Advanced - INFO - [unreal_mcp_server_advanced.py:147] - Connecting to Unreal at 127.0.0.1:55557 (attempt 1/4)...
2026-02-12 02:33:16,825 - UnrealMCP_Advanced - INFO - [unreal_mcp_server_advanced.py:154] - Successfully connected to Unreal Engine
2026-02-12 02:33:16,825 - UnrealMCP_Advanced - INFO - [unreal_mcp_server_advanced.py:362] - Sending command (attempt 1): compile_blueprint
2026-02-12 02:33:16,825 - UnrealMCP_Advanced - DEBUG - [unreal_mcp_server_advanced.py:363] - Command payload: {"type": "compile_blueprint", "params": {"blueprint_name": "/Game/Blueprints/MCP/BP_MCP_Enemy02"}}...
2026-02-12 02:33:17,207 - UnrealMCP_Advanced - INFO - [unreal_mcp_server_advanced.py:264] - Received complete response (117 bytes) for compile_blueprint
2026-02-12 02:33:17,207 - UnrealMCP_Advanced - INFO - [unreal_mcp_server_advanced.py:380] - Command compile_blueprint completed successfully
2026-02-12 02:33:17,208 - mcp.server.lowlevel.server - DEBUG - [server.py:572] - Response sent
2026-02-12 02:37:34,099 - UnrealMCP_Advanced - DEBUG - [unreal_mcp_server_advanced.py:200] - Disconnected from Unreal Engine
2026-02-12 02:37:34,099 - UnrealMCP_Advanced - INFO - [unreal_mcp_server_advanced.py:429] - Unreal connection reset
2026-02-12 02:37:34,099 - UnrealMCP_Advanced - INFO - [unreal_mcp_server_advanced.py:441] - Unreal MCP Advanced server shut down
2026-02-12 02:37:43,903 - mcp.server.lowlevel.server - DEBUG - [server.py:145] - Initializing server 'UnrealMCP_Advanced'
2026-02-12 02:37:43,903 - mcp.server.lowlevel.server - DEBUG - [server.py:384] - Registering handler for ListToolsRequest
2026-02-12 02:37:43,903 - mcp.server.lowlevel.server - DEBUG - [server.py:406] - Registering handler for CallToolRequest
2026-02-12 02:37:43,903 - mcp.server.lowlevel.server - DEBUG - [server.py:252] - Registering handler for ListResourcesRequest
2026-02-12 02:37:43,903 - mcp.server.lowlevel.server - DEBUG - [server.py:286] - Registering handler for ReadResourceRequest
2026-02-12 02:37:43,903 - mcp.server.lowlevel.server - DEBUG - [server.py:222] - Registering handler for PromptListRequest
2026-02-12 02:37:43,903 - mcp.server.lowlevel.server - DEBUG - [server.py:239] - Registering handler for GetPromptRequest
2026-02-12 02:37:43,903 - mcp.server.lowlevel.server - DEBUG - [server.py:267] - Registering handler for ListResourceTemplatesRequest
2026-02-12 02:37:43,944 - UnrealMCP_Advanced - INFO - [unreal_mcp_server_advanced.py:2802] - Starting Advanced MCP server with stdio transport
2026-02-12 02:37:43,947 - asyncio - DEBUG - [proactor_events.py:633] - Using proactor: IocpProactor
2026-02-12 02:37:43,949 - UnrealMCP_Advanced - INFO - [unreal_mcp_server_advanced.py:434] - UnrealMCP Advanced server starting up
2026-02-12 02:37:43,949 - UnrealMCP_Advanced - INFO - [unreal_mcp_server_advanced.py:435] - Connection will be established lazily on first tool call
2026-02-12 02:37:43,953 - mcp.server.lowlevel.server - DEBUG - [server.py:491] - Received message: root=InitializedNotification(method='notifications/initialized', params=None, jsonrpc='2.0')
2026-02-12 02:37:43,954 - mcp.server.lowlevel.server - DEBUG - [server.py:491] - Received message: <mcp.shared.session.RequestResponder object at 0x00000179E9692710>
2026-02-12 02:37:43,955 - mcp.server.lowlevel.server - INFO - [server.py:534] - Processing request of type ListToolsRequest
2026-02-12 02:37:43,955 - mcp.server.lowlevel.server - DEBUG - [server.py:537] - Dispatching request of type ListToolsRequest
2026-02-12 02:37:43,958 - mcp.server.lowlevel.server - DEBUG - [server.py:572] - Response sent
2026-02-12 02:37:43,959 - mcp.server.lowlevel.server - DEBUG - [server.py:491] - Received message: <mcp.shared.session.RequestResponder object at 0x00000179E9692FD0>
2026-02-12 02:37:43,960 - mcp.server.lowlevel.server - INFO - [server.py:534] - Processing request of type ListPromptsRequest
2026-02-12 02:37:43,960 - mcp.server.lowlevel.server - DEBUG - [server.py:537] - Dispatching request of type ListPromptsRequest
2026-02-12 02:37:43,960 - mcp.server.lowlevel.server - DEBUG - [server.py:491] - Received message: <mcp.shared.session.RequestResponder object at 0x00000179E960E060>
2026-02-12 02:37:43,960 - mcp.server.lowlevel.server - INFO - [server.py:534] - Processing request of type ListResourcesRequest
2026-02-12 02:37:43,960 - mcp.server.lowlevel.server - DEBUG - [server.py:537] - Dispatching request of type ListResourcesRequest
2026-02-12 02:37:43,960 - mcp.server.fastmcp.resources.resource_manager - DEBUG - [resource_manager.py:89] - Listing resources
2026-02-12 02:37:43,960 - mcp.server.lowlevel.server - DEBUG - [server.py:572] - Response sent
2026-02-12 02:37:43,961 - mcp.server.lowlevel.server - DEBUG - [server.py:572] - Response sent
2026-02-12 02:38:31,472 - mcp.server.lowlevel.server - DEBUG - [server.py:491] - Received message: <mcp.shared.session.RequestResponder object at 0x00000179E960E780>
2026-02-12 02:38:31,472 - mcp.server.lowlevel.server - INFO - [server.py:534] - Processing request of type CallToolRequest
2026-02-12 02:38:31,472 - mcp.server.lowlevel.server - DEBUG - [server.py:537] - Dispatching request of type CallToolRequest
2026-02-12 02:38:31,472 - UnrealMCP_Advanced - INFO - [unreal_mcp_server_advanced.py:416] - Creating new UnrealConnection instance
2026-02-12 02:38:31,472 - UnrealMCP_Advanced - INFO - [unreal_mcp_server_advanced.py:679] - Reading Blueprint content for: /Game/BP_MCP_Enemy02
2026-02-12 02:38:31,472 - UnrealMCP_Advanced - INFO - [unreal_mcp_server_advanced.py:147] - Connecting to Unreal at 127.0.0.1:55557 (attempt 1/4)...
2026-02-12 02:38:31,492 - UnrealMCP_Advanced - INFO - [unreal_mcp_server_advanced.py:154] - Successfully connected to Unreal Engine
2026-02-12 02:38:31,492 - UnrealMCP_Advanced - INFO - [unreal_mcp_server_advanced.py:362] - Sending command (attempt 1): read_blueprint_content
2026-02-12 02:38:31,492 - UnrealMCP_Advanced - DEBUG - [unreal_mcp_server_advanced.py:363] - Command payload: {"type": "read_blueprint_content", "params": {"blueprint_path": "/Game/BP_MCP_Enemy02", "include_event_graph": true, "include_functions": true, "include_variables": true, "include_components": true, "include_interfaces": true}}...
2026-02-12 02:39:01,500 - UnrealMCP_Advanced - WARNING - [unreal_mcp_server_advanced.py:314] - Command failed (attempt 1/4): Timeout after 30.0s waiting for response to read_blueprint_content (received 0 bytes)
2026-02-12 02:39:01,500 - UnrealMCP_Advanced - DEBUG - [unreal_mcp_server_advanced.py:200] - Disconnected from Unreal Engine
2026-02-12 02:39:01,500 - UnrealMCP_Advanced - INFO - [unreal_mcp_server_advanced.py:321] - Retrying command in 0.5s...
2026-02-12 02:39:02,000 - UnrealMCP_Advanced - INFO - [unreal_mcp_server_advanced.py:147] - Connecting to Unreal at 127.0.0.1:55557 (attempt 1/4)...
2026-02-12 02:39:02,020 - UnrealMCP_Advanced - INFO - [unreal_mcp_server_advanced.py:154] - Successfully connected to Unreal Engine
2026-02-12 02:39:02,020 - UnrealMCP_Advanced - INFO - [unreal_mcp_server_advanced.py:362] - Sending command (attempt 2): read_blueprint_content
2026-02-12 02:39:02,020 - UnrealMCP_Advanced - DEBUG - [unreal_mcp_server_advanced.py:363] - Command payload: {"type": "read_blueprint_content", "params": {"blueprint_path": "/Game/BP_MCP_Enemy02", "include_event_graph": true, "include_functions": true, "include_variables": true, "include_components": true, "include_interfaces": true}}...
2026-02-12 02:39:02,350 - UnrealMCP_Advanced - INFO - [unreal_mcp_server_advanced.py:264] - Received complete response (85 bytes) for read_blueprint_content
2026-02-12 02:39:02,350 - UnrealMCP_Advanced - INFO - [unreal_mcp_server_advanced.py:380] - Command read_blueprint_content completed successfully
2026-02-12 02:39:02,350 - UnrealMCP_Advanced - WARNING - [unreal_mcp_server_advanced.py:385] - Unreal returned error: Failed to load blueprint: /Game/BP_MCP_Enemy02
2026-02-12 02:39:02,350 - mcp.server.lowlevel.server - DEBUG - [server.py:572] - Response sent
2026-02-12 02:39:09,608 - mcp.server.lowlevel.server - DEBUG - [server.py:491] - Received message: <mcp.shared.session.RequestResponder object at 0x00000179E96A6B10>
2026-02-12 02:39:09,608 - mcp.server.lowlevel.server - INFO - [server.py:534] - Processing request of type CallToolRequest
2026-02-12 02:39:09,608 - mcp.server.lowlevel.server - DEBUG - [server.py:537] - Dispatching request of type CallToolRequest
2026-02-12 02:39:09,608 - UnrealMCP_Advanced - INFO - [unreal_mcp_server_advanced.py:147] - Connecting to Unreal at 127.0.0.1:55557 (attempt 1/4)...
2026-02-12 02:39:09,626 - UnrealMCP_Advanced - INFO - [unreal_mcp_server_advanced.py:154] - Successfully connected to Unreal Engine
2026-02-12 02:39:09,626 - UnrealMCP_Advanced - INFO - [unreal_mcp_server_advanced.py:362] - Sending command (attempt 1): find_actors_by_name
2026-02-12 02:39:09,626 - UnrealMCP_Advanced - DEBUG - [unreal_mcp_server_advanced.py:363] - Command payload: {"type": "find_actors_by_name", "params": {"pattern": "Enemy"}}...
2026-02-12 02:39:09,692 - UnrealMCP_Advanced - INFO - [unreal_mcp_server_advanced.py:264] - Received complete response (63 bytes) for find_actors_by_name
2026-02-12 02:39:09,692 - UnrealMCP_Advanced - INFO - [unreal_mcp_server_advanced.py:380] - Command find_actors_by_name completed successfully
2026-02-12 02:39:09,693 - mcp.server.lowlevel.server - DEBUG - [server.py:572] - Response sent
2026-02-12 02:39:42,081 - mcp.server.lowlevel.server - DEBUG - [server.py:491] - Received message: <mcp.shared.session.RequestResponder object at 0x00000179E906F460>
2026-02-12 02:39:42,081 - mcp.server.lowlevel.server - INFO - [server.py:534] - Processing request of type CallToolRequest
2026-02-12 02:39:42,081 - mcp.server.lowlevel.server - DEBUG - [server.py:537] - Dispatching request of type CallToolRequest
2026-02-12 02:39:42,081 - UnrealMCP_Advanced - INFO - [unreal_mcp_server_advanced.py:679] - Reading Blueprint content for: /Game/Blueprints/MCP/BP_MCP_Enemy02
2026-02-12 02:39:42,081 - UnrealMCP_Advanced - INFO - [unreal_mcp_server_advanced.py:147] - Connecting to Unreal at 127.0.0.1:55557 (attempt 1/4)...
2026-02-12 02:39:42,092 - UnrealMCP_Advanced - INFO - [unreal_mcp_server_advanced.py:154] - Successfully connected to Unreal Engine
2026-02-12 02:39:42,092 - UnrealMCP_Advanced - INFO - [unreal_mcp_server_advanced.py:362] - Sending command (attempt 1): read_blueprint_content
2026-02-12 02:39:42,092 - UnrealMCP_Advanced - DEBUG - [unreal_mcp_server_advanced.py:363] - Command payload: {"type": "read_blueprint_content", "params": {"blueprint_path": "/Game/Blueprints/MCP/BP_MCP_Enemy02", "include_event_graph": true, "include_functions": true, "include_variables": true, "include_components": true, "include_interfaces": true}}...
2026-02-12 02:39:42,357 - UnrealMCP_Advanced - INFO - [unreal_mcp_server_advanced.py:264] - Received complete response (848 bytes) for read_blueprint_content
2026-02-12 02:39:42,357 - UnrealMCP_Advanced - INFO - [unreal_mcp_server_advanced.py:380] - Command read_blueprint_content completed successfully
2026-02-12 02:39:42,358 - mcp.server.lowlevel.server - DEBUG - [server.py:572] - Response sent
2026-02-12 02:39:51,080 - mcp.server.lowlevel.server - DEBUG - [server.py:491] - Received message: <mcp.shared.session.RequestResponder object at 0x00000179E9612E00>
2026-02-12 02:39:51,080 - mcp.server.lowlevel.server - INFO - [server.py:534] - Processing request of type CallToolRequest
2026-02-12 02:39:51,080 - mcp.server.lowlevel.server - DEBUG - [server.py:537] - Dispatching request of type CallToolRequest
2026-02-12 02:39:51,080 - UnrealMCP_Advanced - INFO - [unreal_mcp_server_advanced.py:147] - Connecting to Unreal at 127.0.0.1:55557 (attempt 1/4)...
2026-02-12 02:39:51,101 - UnrealMCP_Advanced - INFO - [unreal_mcp_server_advanced.py:154] - Successfully connected to Unreal Engine
2026-02-12 02:39:51,101 - UnrealMCP_Advanced - INFO - [unreal_mcp_server_advanced.py:362] - Sending command (attempt 1): add_blueprint_node
2026-02-12 02:39:51,101 - UnrealMCP_Advanced - DEBUG - [unreal_mcp_server_advanced.py:363] - Command payload: {"type": "add_blueprint_node", "params": {"blueprint_name": "BP_MCP_Enemy02", "node_type": "VariableGet", "node_params": {"pos_x": 400.0, "pos_y": 0.0, "event_type": "BeginPlay", "variable_name": "GravityScale", "target_class": "CharacterMovementComponent"}}}...
2026-02-12 02:39:51,318 - UnrealMCP_Advanced - INFO - [unreal_mcp_server_advanced.py:264] - Received complete response (167 bytes) for add_blueprint_node
2026-02-12 02:39:51,318 - UnrealMCP_Advanced - INFO - [unreal_mcp_server_advanced.py:380] - Command add_blueprint_node completed successfully
2026-02-12 02:39:51,318 - BlueprintGraph.NodeManager - ERROR - [node_manager.py:71] - Failed to add node: Unknown error
2026-02-12 02:39:51,319 - mcp.server.lowlevel.server - DEBUG - [server.py:572] - Response sent
2026-02-12 02:39:56,032 - mcp.server.lowlevel.server - DEBUG - [server.py:491] - Received message: <mcp.shared.session.RequestResponder object at 0x00000179E9636350>
2026-02-12 02:39:56,032 - mcp.server.lowlevel.server - INFO - [server.py:534] - Processing request of type CallToolRequest
2026-02-12 02:39:56,032 - mcp.server.lowlevel.server - DEBUG - [server.py:537] - Dispatching request of type CallToolRequest
2026-02-12 02:39:56,032 - UnrealMCP_Advanced - INFO - [unreal_mcp_server_advanced.py:147] - Connecting to Unreal at 127.0.0.1:55557 (attempt 1/4)...
2026-02-12 02:39:56,052 - UnrealMCP_Advanced - INFO - [unreal_mcp_server_advanced.py:154] - Successfully connected to Unreal Engine
2026-02-12 02:39:56,052 - UnrealMCP_Advanced - INFO - [unreal_mcp_server_advanced.py:362] - Sending command (attempt 1): add_blueprint_node
2026-02-12 02:39:56,052 - UnrealMCP_Advanced - DEBUG - [unreal_mcp_server_advanced.py:363] - Command payload: {"type": "add_blueprint_node", "params": {"blueprint_name": "BP_MCP_Enemy02", "node_type": "VariableSet", "node_params": {"pos_x": 400.0, "pos_y": 100.0, "event_type": "BeginPlay", "variable_name": "GravityScale", "target_class": "CharacterMovementComponent"}}}...
2026-02-12 02:40:26,056 - UnrealMCP_Advanced - WARNING - [unreal_mcp_server_advanced.py:314] - Command failed (attempt 1/4): Timeout after 30.0s waiting for response to add_blueprint_node (received 0 bytes)
2026-02-12 02:40:26,057 - UnrealMCP_Advanced - DEBUG - [unreal_mcp_server_advanced.py:200] - Disconnected from Unreal Engine
2026-02-12 02:40:26,057 - UnrealMCP_Advanced - INFO - [unreal_mcp_server_advanced.py:321] - Retrying command in 0.5s...
2026-02-12 02:40:26,557 - UnrealMCP_Advanced - INFO - [unreal_mcp_server_advanced.py:147] - Connecting to Unreal at 127.0.0.1:55557 (attempt 1/4)...
2026-02-12 02:40:26,557 - UnrealMCP_Advanced - INFO - [unreal_mcp_server_advanced.py:154] - Successfully connected to Unreal Engine
2026-02-12 02:40:26,557 - UnrealMCP_Advanced - INFO - [unreal_mcp_server_advanced.py:362] - Sending command (attempt 2): add_blueprint_node
2026-02-12 02:40:26,557 - UnrealMCP_Advanced - DEBUG - [unreal_mcp_server_advanced.py:363] - Command payload: {"type": "add_blueprint_node", "params": {"blueprint_name": "BP_MCP_Enemy02", "node_type": "VariableSet", "node_params": {"pos_x": 400.0, "pos_y": 100.0, "event_type": "BeginPlay", "variable_name": "GravityScale", "target_class": "CharacterMovementComponent"}}}...
2026-02-12 02:40:26,629 - UnrealMCP_Advanced - INFO - [unreal_mcp_server_advanced.py:264] - Received complete response (169 bytes) for add_blueprint_node
2026-02-12 02:40:26,629 - UnrealMCP_Advanced - INFO - [unreal_mcp_server_advanced.py:380] - Command add_blueprint_node completed successfully
2026-02-12 02:40:26,629 - BlueprintGraph.NodeManager - ERROR - [node_manager.py:71] - Failed to add node: Unknown error
2026-02-12 02:40:26,630 - mcp.server.lowlevel.server - DEBUG - [server.py:572] - Response sent
2026-02-12 02:40:31,014 - mcp.server.lowlevel.server - DEBUG - [server.py:491] - Received message: <mcp.shared.session.RequestResponder object at 0x00000179E9635E50>
2026-02-12 02:40:31,014 - mcp.server.lowlevel.server - INFO - [server.py:534] - Processing request of type CallToolRequest
2026-02-12 02:40:31,014 - mcp.server.lowlevel.server - DEBUG - [server.py:537] - Dispatching request of type CallToolRequest
2026-02-12 02:40:31,014 - UnrealMCP_Advanced - INFO - [unreal_mcp_server_advanced.py:147] - Connecting to Unreal at 127.0.0.1:55557 (attempt 1/4)...
2026-02-12 02:40:31,036 - UnrealMCP_Advanced - INFO - [unreal_mcp_server_advanced.py:154] - Successfully connected to Unreal Engine
2026-02-12 02:40:31,036 - UnrealMCP_Advanced - INFO - [unreal_mcp_server_advanced.py:362] - Sending command (attempt 1): connect_nodes
2026-02-12 02:40:31,036 - UnrealMCP_Advanced - DEBUG - [unreal_mcp_server_advanced.py:363] - Command payload: {"type": "connect_nodes", "params": {"blueprint_name": "BP_MCP_Enemy02", "source_node_id": "K2Node_Event_1", "source_pin_name": "then", "target_node_id": "K2Node_VariableSet_3", "target_pin_name": "execute"}}...
2026-02-12 02:40:31,296 - UnrealMCP_Advanced - INFO - [unreal_mcp_server_advanced.py:264] - Received complete response (58 bytes) for connect_nodes
2026-02-12 02:40:31,296 - UnrealMCP_Advanced - INFO - [unreal_mcp_server_advanced.py:380] - Command connect_nodes completed successfully
2026-02-12 02:40:31,296 - UnrealMCP_Advanced - WARNING - [unreal_mcp_server_advanced.py:385] - Unreal returned error: Blueprint not found
2026-02-12 02:40:31,296 - BlueprintGraph.ConnectorManager - ERROR - [connector_manager.py:74] - Failed to connect nodes: Blueprint not found
2026-02-12 02:40:31,296 - mcp.server.lowlevel.server - DEBUG - [server.py:572] - Response sent
2026-02-12 02:40:37,079 - mcp.server.lowlevel.server - DEBUG - [server.py:491] - Received message: <mcp.shared.session.RequestResponder object at 0x00000179E97C5130>
2026-02-12 02:40:37,080 - mcp.server.lowlevel.server - INFO - [server.py:534] - Processing request of type CallToolRequest
2026-02-12 02:40:37,080 - mcp.server.lowlevel.server - DEBUG - [server.py:537] - Dispatching request of type CallToolRequest
2026-02-12 02:40:37,080 - UnrealMCP_Advanced - INFO - [unreal_mcp_server_advanced.py:147] - Connecting to Unreal at 127.0.0.1:55557 (attempt 1/4)...
2026-02-12 02:40:37,080 - UnrealMCP_Advanced - INFO - [unreal_mcp_server_advanced.py:154] - Successfully connected to Unreal Engine
2026-02-12 02:40:37,080 - UnrealMCP_Advanced - INFO - [unreal_mcp_server_advanced.py:362] - Sending command (attempt 1): compile_blueprint
2026-02-12 02:40:37,080 - UnrealMCP_Advanced - DEBUG - [unreal_mcp_server_advanced.py:363] - Command payload: {"type": "compile_blueprint", "params": {"blueprint_name": "BP_MCP_Enemy02"}}...
2026-02-12 02:40:37,348 - UnrealMCP_Advanced - INFO - [unreal_mcp_server_advanced.py:264] - Received complete response (96 bytes) for compile_blueprint
2026-02-12 02:40:37,348 - UnrealMCP_Advanced - INFO - [unreal_mcp_server_advanced.py:380] - Command compile_blueprint completed successfully
2026-02-12 02:40:37,349 - mcp.server.lowlevel.server - DEBUG - [server.py:572] - Response sent
2026-02-12 02:40:40,456 - mcp.server.lowlevel.server - DEBUG - [server.py:491] - Received message: <mcp.shared.session.RequestResponder object at 0x00000179E97C5310>
2026-02-12 02:40:40,456 - mcp.server.lowlevel.server - INFO - [server.py:534] - Processing request of type CallToolRequest
2026-02-12 02:40:40,456 - mcp.server.lowlevel.server - DEBUG - [server.py:537] - Dispatching request of type CallToolRequest
2026-02-12 02:40:40,456 - UnrealMCP_Advanced - INFO - [unreal_mcp_server_advanced.py:147] - Connecting to Unreal at 127.0.0.1:55557 (attempt 1/4)...
2026-02-12 02:40:40,457 - UnrealMCP_Advanced - INFO - [unreal_mcp_server_advanced.py:154] - Successfully connected to Unreal Engine
2026-02-12 02:40:40,457 - UnrealMCP_Advanced - INFO - [unreal_mcp_server_advanced.py:362] - Sending command (attempt 1): connect_nodes
2026-02-12 02:40:40,457 - UnrealMCP_Advanced - DEBUG - [unreal_mcp_server_advanced.py:363] - Command payload: {"type": "connect_nodes", "params": {"blueprint_name": "BP_MCP_Enemy02", "source_node_id": "K2Node_Event_1", "source_pin_name": "then", "target_node_id": "K2Node_VariableSet_3", "target_pin_name": "execute"}}...
2026-02-12 02:40:40,631 - UnrealMCP_Advanced - INFO - [unreal_mcp_server_advanced.py:264] - Received complete response (58 bytes) for connect_nodes
2026-02-12 02:40:40,631 - UnrealMCP_Advanced - INFO - [unreal_mcp_server_advanced.py:380] - Command connect_nodes completed successfully
2026-02-12 02:40:40,631 - UnrealMCP_Advanced - WARNING - [unreal_mcp_server_advanced.py:385] - Unreal returned error: Blueprint not found
2026-02-12 02:40:40,631 - BlueprintGraph.ConnectorManager - ERROR - [connector_manager.py:74] - Failed to connect nodes: Blueprint not found
2026-02-12 02:40:40,631 - mcp.server.lowlevel.server - DEBUG - [server.py:572] - Response sent
2026-02-12 02:40:47,638 - mcp.server.lowlevel.server - DEBUG - [server.py:491] - Received message: <mcp.shared.session.RequestResponder object at 0x00000179E97E9D30>
2026-02-12 02:40:47,639 - mcp.server.lowlevel.server - INFO - [server.py:534] - Processing request of type CallToolRequest
2026-02-12 02:40:47,639 - mcp.server.lowlevel.server - DEBUG - [server.py:537] - Dispatching request of type CallToolRequest
2026-02-12 02:40:47,639 - UnrealMCP_Advanced - INFO - [unreal_mcp_server_advanced.py:734] - Analyzing Blueprint graph: /Game/Blueprints/MCP/BP_MCP_Enemy02 -> EventGraph
2026-02-12 02:40:47,639 - UnrealMCP_Advanced - INFO - [unreal_mcp_server_advanced.py:147] - Connecting to Unreal at 127.0.0.1:55557 (attempt 1/4)...
2026-02-12 02:40:47,639 - UnrealMCP_Advanced - INFO - [unreal_mcp_server_advanced.py:154] - Successfully connected to Unreal Engine
2026-02-12 02:40:47,639 - UnrealMCP_Advanced - INFO - [unreal_mcp_server_advanced.py:362] - Sending command (attempt 1): analyze_blueprint_graph
2026-02-12 02:40:47,639 - UnrealMCP_Advanced - DEBUG - [unreal_mcp_server_advanced.py:363] - Command payload: {"type": "analyze_blueprint_graph", "params": {"blueprint_path": "/Game/Blueprints/MCP/BP_MCP_Enemy02", "graph_name": "EventGraph", "include_node_details": true, "include_pin_connections": true, "trace_execution_flow": true}}...
2026-02-12 02:40:47,966 - UnrealMCP_Advanced - INFO - [unreal_mcp_server_advanced.py:264] - Received complete response (2516 bytes) for analyze_blueprint_graph
2026-02-12 02:40:47,966 - UnrealMCP_Advanced - INFO - [unreal_mcp_server_advanced.py:380] - Command analyze_blueprint_graph completed successfully
2026-02-12 02:40:47,967 - mcp.server.lowlevel.server - DEBUG - [server.py:572] - Response sent
2026-02-12 02:40:55,065 - mcp.server.lowlevel.server - DEBUG - [server.py:491] - Received message: <mcp.shared.session.RequestResponder object at 0x00000179E97E8C90>
2026-02-12 02:40:55,065 - mcp.server.lowlevel.server - INFO - [server.py:534] - Processing request of type CallToolRequest
2026-02-12 02:40:55,065 - mcp.server.lowlevel.server - DEBUG - [server.py:537] - Dispatching request of type CallToolRequest
2026-02-12 02:40:55,065 - UnrealMCP_Advanced - INFO - [unreal_mcp_server_advanced.py:147] - Connecting to Unreal at 127.0.0.1:55557 (attempt 1/4)...
2026-02-12 02:40:55,089 - UnrealMCP_Advanced - INFO - [unreal_mcp_server_advanced.py:154] - Successfully connected to Unreal Engine
2026-02-12 02:40:55,089 - UnrealMCP_Advanced - INFO - [unreal_mcp_server_advanced.py:362] - Sending command (attempt 1): connect_nodes
2026-02-12 02:40:55,089 - UnrealMCP_Advanced - DEBUG - [unreal_mcp_server_advanced.py:363] - Command payload: {"type": "connect_nodes", "params": {"blueprint_name": "/Game/Blueprints/MCP/BP_MCP_Enemy02", "source_node_id": "K2Node_Event_1", "source_pin_name": "then", "target_node_id": "K2Node_VariableSet_3", "target_pin_name": "execute"}}...
2026-02-12 02:40:55,347 - UnrealMCP_Advanced - INFO - [unreal_mcp_server_advanced.py:264] - Received complete response (259 bytes) for connect_nodes
2026-02-12 02:40:55,347 - UnrealMCP_Advanced - INFO - [unreal_mcp_server_advanced.py:380] - Command connect_nodes completed successfully
2026-02-12 02:40:55,347 - BlueprintGraph.ConnectorManager - ERROR - [connector_manager.py:74] - Failed to connect nodes: Unknown error
2026-02-12 02:40:55,347 - mcp.server.lowlevel.server - DEBUG - [server.py:572] - Response sent
2026-02-12 02:41:02,295 - mcp.server.lowlevel.server - DEBUG - [server.py:491] - Received message: <mcp.shared.session.RequestResponder object at 0x00000179E977A4E0>
2026-02-12 02:41:02,295 - mcp.server.lowlevel.server - INFO - [server.py:534] - Processing request of type CallToolRequest
2026-02-12 02:41:02,295 - mcp.server.lowlevel.server - DEBUG - [server.py:537] - Dispatching request of type CallToolRequest
2026-02-12 02:41:02,295 - UnrealMCP_Advanced - INFO - [unreal_mcp_server_advanced.py:147] - Connecting to Unreal at 127.0.0.1:55557 (attempt 1/4)...
2026-02-12 02:41:02,313 - UnrealMCP_Advanced - INFO - [unreal_mcp_server_advanced.py:154] - Successfully connected to Unreal Engine
2026-02-12 02:41:02,313 - UnrealMCP_Advanced - INFO - [unreal_mcp_server_advanced.py:362] - Sending command (attempt 1): connect_nodes
2026-02-12 02:41:02,313 - UnrealMCP_Advanced - DEBUG - [unreal_mcp_server_advanced.py:363] - Command payload: {"type": "connect_nodes", "params": {"blueprint_name": "/Game/Blueprints/MCP/BP_MCP_Enemy02", "source_node_id": "K2Node_VariableGet_3", "source_pin_name": "CharacterMovement", "target_node_id": "K2Node_VariableSet_3", "target_pin_name": "self"}}...
2026-02-12 02:41:02,686 - UnrealMCP_Advanced - INFO - [unreal_mcp_server_advanced.py:264] - Received complete response (277 bytes) for connect_nodes
2026-02-12 02:41:02,686 - UnrealMCP_Advanced - INFO - [unreal_mcp_server_advanced.py:380] - Command connect_nodes completed successfully
2026-02-12 02:41:02,686 - BlueprintGraph.ConnectorManager - ERROR - [connector_manager.py:74] - Failed to connect nodes: Unknown error
2026-02-12 02:41:02,687 - mcp.server.lowlevel.server - DEBUG - [server.py:572] - Response sent
2026-02-12 02:41:09,039 - mcp.server.lowlevel.server - DEBUG - [server.py:491] - Received message: <mcp.shared.session.RequestResponder object at 0x00000179E9639490>
2026-02-12 02:41:09,039 - mcp.server.lowlevel.server - INFO - [server.py:534] - Processing request of type CallToolRequest
2026-02-12 02:41:09,039 - mcp.server.lowlevel.server - DEBUG - [server.py:537] - Dispatching request of type CallToolRequest
2026-02-12 02:41:09,039 - BlueprintGraph.NodeProperties - DEBUG - [node_properties.py:339] - Setting property 'GravityScale' on node 'K2Node_VariableSet_3' in /Game/Blueprints/MCP/BP_MCP_Enemy02
2026-02-12 02:41:09,039 - UnrealMCP_Advanced - INFO - [unreal_mcp_server_advanced.py:147] - Connecting to Unreal at 127.0.0.1:55557 (attempt 1/4)...
2026-02-12 02:41:09,051 - UnrealMCP_Advanced - INFO - [unreal_mcp_server_advanced.py:154] - Successfully connected to Unreal Engine
2026-02-12 02:41:09,051 - UnrealMCP_Advanced - INFO - [unreal_mcp_server_advanced.py:362] - Sending command (attempt 1): set_node_property
2026-02-12 02:41:09,051 - UnrealMCP_Advanced - DEBUG - [unreal_mcp_server_advanced.py:363] - Command payload: {"type": "set_node_property", "params": {"blueprint_name": "/Game/Blueprints/MCP/BP_MCP_Enemy02", "node_id": "K2Node_VariableSet_3", "property_name": "GravityScale", "property_value": 0}}...
2026-02-12 02:41:09,302 - UnrealMCP_Advanced - INFO - [unreal_mcp_server_advanced.py:264] - Received complete response (126 bytes) for set_node_property
2026-02-12 02:41:09,302 - UnrealMCP_Advanced - INFO - [unreal_mcp_server_advanced.py:380] - Command set_node_property completed successfully
2026-02-12 02:41:09,302 - UnrealMCP_Advanced - WARNING - [unreal_mcp_server_advanced.py:385] - Unreal returned error: Failed to set property 'GravityScale' on node (property not supported or invalid value)
2026-02-12 02:41:09,302 - BlueprintGraph.NodeProperties - ERROR - [node_properties.py:358] - Failed to modify node: Failed to set property 'GravityScale' on node (property not supported or invalid value)
2026-02-12 02:41:09,302 - mcp.server.lowlevel.server - DEBUG - [server.py:572] - Response sent
2026-02-12 02:41:19,673 - mcp.server.lowlevel.server - DEBUG - [server.py:491] - Received message: <mcp.shared.session.RequestResponder object at 0x00000179E9639550>
2026-02-12 02:41:19,673 - mcp.server.lowlevel.server - INFO - [server.py:534] - Processing request of type CallToolRequest
2026-02-12 02:41:19,673 - mcp.server.lowlevel.server - DEBUG - [server.py:537] - Dispatching request of type CallToolRequest
2026-02-12 02:41:19,673 - UnrealMCP_Advanced - INFO - [unreal_mcp_server_advanced.py:147] - Connecting to Unreal at 127.0.0.1:55557 (attempt 1/4)...
2026-02-12 02:41:19,693 - UnrealMCP_Advanced - INFO - [unreal_mcp_server_advanced.py:154] - Successfully connected to Unreal Engine
2026-02-12 02:41:19,693 - UnrealMCP_Advanced - INFO - [unreal_mcp_server_advanced.py:362] - Sending command (attempt 1): compile_blueprint
2026-02-12 02:41:19,693 - UnrealMCP_Advanced - DEBUG - [unreal_mcp_server_advanced.py:363] - Command payload: {"type": "compile_blueprint", "params": {"blueprint_name": "/Game/Blueprints/MCP/BP_MCP_Enemy02"}}...
2026-02-12 02:41:20,017 - UnrealMCP_Advanced - INFO - [unreal_mcp_server_advanced.py:264] - Received complete response (117 bytes) for compile_blueprint
2026-02-12 02:41:20,018 - UnrealMCP_Advanced - INFO - [unreal_mcp_server_advanced.py:380] - Command compile_blueprint completed successfully
2026-02-12 02:41:20,018 - mcp.server.lowlevel.server - DEBUG - [server.py:572] - Response sent
2026-02-12 02:44:22,348 - mcp.server.lowlevel.server - DEBUG - [server.py:491] - Received message: <mcp.shared.session.RequestResponder object at 0x00000179E95EFB70>
2026-02-12 02:44:22,348 - mcp.server.lowlevel.server - INFO - [server.py:534] - Processing request of type CallToolRequest
2026-02-12 02:44:22,348 - mcp.server.lowlevel.server - DEBUG - [server.py:537] - Dispatching request of type CallToolRequest
2026-02-12 02:44:22,348 - UnrealMCP_Advanced - INFO - [unreal_mcp_server_advanced.py:734] - Analyzing Blueprint graph: /Game/Blueprints/MCP/BP_MCP_Enemy02 -> EventGraph
2026-02-12 02:44:22,348 - UnrealMCP_Advanced - INFO - [unreal_mcp_server_advanced.py:147] - Connecting to Unreal at 127.0.0.1:55557 (attempt 1/4)...
2026-02-12 02:44:22,360 - UnrealMCP_Advanced - INFO - [unreal_mcp_server_advanced.py:154] - Successfully connected to Unreal Engine
2026-02-12 02:44:22,360 - UnrealMCP_Advanced - INFO - [unreal_mcp_server_advanced.py:362] - Sending command (attempt 1): analyze_blueprint_graph
2026-02-12 02:44:22,360 - UnrealMCP_Advanced - DEBUG - [unreal_mcp_server_advanced.py:363] - Command payload: {"type": "analyze_blueprint_graph", "params": {"blueprint_path": "/Game/Blueprints/MCP/BP_MCP_Enemy02", "graph_name": "EventGraph", "include_node_details": true, "include_pin_connections": true, "trace_execution_flow": true}}...
2026-02-12 02:44:22,496 - UnrealMCP_Advanced - INFO - [unreal_mcp_server_advanced.py:264] - Received complete response (254 bytes) for analyze_blueprint_graph
2026-02-12 02:44:22,496 - UnrealMCP_Advanced - INFO - [unreal_mcp_server_advanced.py:380] - Command analyze_blueprint_graph completed successfully
2026-02-12 02:44:22,497 - mcp.server.lowlevel.server - DEBUG - [server.py:572] - Response sent
2026-02-12 02:44:26,381 - mcp.server.lowlevel.server - DEBUG - [server.py:491] - Received message: <mcp.shared.session.RequestResponder object at 0x00000179E95EF6A0>
2026-02-12 02:44:26,381 - mcp.server.lowlevel.server - INFO - [server.py:534] - Processing request of type CallToolRequest
2026-02-12 02:44:26,381 - mcp.server.lowlevel.server - DEBUG - [server.py:537] - Dispatching request of type CallToolRequest
2026-02-12 02:44:26,381 - UnrealMCP_Advanced - INFO - [unreal_mcp_server_advanced.py:147] - Connecting to Unreal at 127.0.0.1:55557 (attempt 1/4)...
2026-02-12 02:44:26,405 - UnrealMCP_Advanced - INFO - [unreal_mcp_server_advanced.py:154] - Successfully connected to Unreal Engine
2026-02-12 02:44:26,405 - UnrealMCP_Advanced - INFO - [unreal_mcp_server_advanced.py:362] - Sending command (attempt 1): add_event_node
2026-02-12 02:44:26,405 - UnrealMCP_Advanced - DEBUG - [unreal_mcp_server_advanced.py:363] - Command payload: {"type": "add_event_node", "params": {"blueprint_name": "/Game/Blueprints/MCP/BP_MCP_Enemy02", "event_name": "ReceiveBeginPlay", "pos_x": -600.0, "pos_y": 0.0}}...
2026-02-12 02:44:26,497 - UnrealMCP_Advanced - INFO - [unreal_mcp_server_advanced.py:264] - Received complete response (186 bytes) for add_event_node
2026-02-12 02:44:26,497 - UnrealMCP_Advanced - INFO - [unreal_mcp_server_advanced.py:380] - Command add_event_node completed successfully
2026-02-12 02:44:26,497 - BlueprintGraph.EventManager - ERROR - [event_manager.py:79] - Failed to add event node: Unknown error
2026-02-12 02:44:26,497 - mcp.server.lowlevel.server - DEBUG - [server.py:572] - Response sent
2026-02-12 02:44:30,087 - mcp.server.lowlevel.server - DEBUG - [server.py:491] - Received message: <mcp.shared.session.RequestResponder object at 0x00000179E97E20D0>
2026-02-12 02:44:30,087 - mcp.server.lowlevel.server - INFO - [server.py:534] - Processing request of type CallToolRequest
2026-02-12 02:44:30,087 - mcp.server.lowlevel.server - DEBUG - [server.py:537] - Dispatching request of type CallToolRequest
2026-02-12 02:44:30,087 - UnrealMCP_Advanced - INFO - [unreal_mcp_server_advanced.py:147] - Connecting to Unreal at 127.0.0.1:55557 (attempt 1/4)...
2026-02-12 02:44:30,101 - UnrealMCP_Advanced - INFO - [unreal_mcp_server_advanced.py:154] - Successfully connected to Unreal Engine
2026-02-12 02:44:30,101 - UnrealMCP_Advanced - INFO - [unreal_mcp_server_advanced.py:362] - Sending command (attempt 1): add_blueprint_node
2026-02-12 02:44:30,101 - UnrealMCP_Advanced - DEBUG - [unreal_mcp_server_advanced.py:363] - Command payload: {"type": "add_blueprint_node", "params": {"blueprint_name": "/Game/Blueprints/MCP/BP_MCP_Enemy02", "node_type": "CallFunction", "node_params": {"pos_x": -300.0, "pos_y": 0.0, "event_type": "BeginPlay", "target_function": "Delay", "target_class": "KismetSystemLibrary"}}}...
2026-02-12 02:44:30,165 - UnrealMCP_Advanced - INFO - [unreal_mcp_server_advanced.py:264] - Received complete response (170 bytes) for add_blueprint_node
2026-02-12 02:44:30,166 - UnrealMCP_Advanced - INFO - [unreal_mcp_server_advanced.py:380] - Command add_blueprint_node completed successfully
2026-02-12 02:44:30,166 - BlueprintGraph.NodeManager - ERROR - [node_manager.py:71] - Failed to add node: Unknown error
2026-02-12 02:44:30,166 - mcp.server.lowlevel.server - DEBUG - [server.py:572] - Response sent
2026-02-12 02:44:33,083 - mcp.server.lowlevel.server - DEBUG - [server.py:491] - Received message: <mcp.shared.session.RequestResponder object at 0x00000179E97E25D0>
2026-02-12 02:44:33,083 - mcp.server.lowlevel.server - INFO - [server.py:534] - Processing request of type CallToolRequest
2026-02-12 02:44:33,083 - mcp.server.lowlevel.server - DEBUG - [server.py:537] - Dispatching request of type CallToolRequest
2026-02-12 02:44:33,084 - UnrealMCP_Advanced - INFO - [unreal_mcp_server_advanced.py:147] - Connecting to Unreal at 127.0.0.1:55557 (attempt 1/4)...
2026-02-12 02:44:33,084 - UnrealMCP_Advanced - INFO - [unreal_mcp_server_advanced.py:154] - Successfully connected to Unreal Engine
2026-02-12 02:44:33,084 - UnrealMCP_Advanced - INFO - [unreal_mcp_server_advanced.py:362] - Sending command (attempt 1): add_blueprint_node
2026-02-12 02:44:33,084 - UnrealMCP_Advanced - DEBUG - [unreal_mcp_server_advanced.py:363] - Command payload: {"type": "add_blueprint_node", "params": {"blueprint_name": "/Game/Blueprints/MCP/BP_MCP_Enemy02", "node_type": "VariableGet", "node_params": {"pos_x": 100.0, "pos_y": 100.0, "event_type": "BeginPlay", "variable_name": "CharacterMovement"}}}...
2026-02-12 02:44:33,499 - UnrealMCP_Advanced - INFO - [unreal_mcp_server_advanced.py:264] - Received complete response (169 bytes) for add_blueprint_node
2026-02-12 02:44:33,499 - UnrealMCP_Advanced - INFO - [unreal_mcp_server_advanced.py:380] - Command add_blueprint_node completed successfully
2026-02-12 02:44:33,499 - BlueprintGraph.NodeManager - ERROR - [node_manager.py:71] - Failed to add node: Unknown error
2026-02-12 02:44:33,499 - mcp.server.lowlevel.server - DEBUG - [server.py:572] - Response sent
2026-02-12 02:44:36,794 - mcp.server.lowlevel.server - DEBUG - [server.py:491] - Received message: <mcp.shared.session.RequestResponder object at 0x00000179E95F3E30>
2026-02-12 02:44:36,794 - mcp.server.lowlevel.server - INFO - [server.py:534] - Processing request of type CallToolRequest
2026-02-12 02:44:36,794 - mcp.server.lowlevel.server - DEBUG - [server.py:537] - Dispatching request of type CallToolRequest
2026-02-12 02:44:36,794 - UnrealMCP_Advanced - INFO - [unreal_mcp_server_advanced.py:147] - Connecting to Unreal at 127.0.0.1:55557 (attempt 1/4)...
2026-02-12 02:44:36,795 - UnrealMCP_Advanced - INFO - [unreal_mcp_server_advanced.py:154] - Successfully connected to Unreal Engine
2026-02-12 02:44:36,795 - UnrealMCP_Advanced - INFO - [unreal_mcp_server_advanced.py:362] - Sending command (attempt 1): add_blueprint_node
2026-02-12 02:44:36,795 - UnrealMCP_Advanced - DEBUG - [unreal_mcp_server_advanced.py:363] - Command payload: {"type": "add_blueprint_node", "params": {"blueprint_name": "/Game/Blueprints/MCP/BP_MCP_Enemy02", "node_type": "VariableSet", "node_params": {"pos_x": 100.0, "pos_y": 0.0, "event_type": "BeginPlay", "variable_name": "GravityScale", "target_class": "CharacterMovementComponent"}}}...
2026-02-12 02:44:36,832 - UnrealMCP_Advanced - INFO - [unreal_mcp_server_advanced.py:264] - Received complete response (167 bytes) for add_blueprint_node
2026-02-12 02:44:36,832 - UnrealMCP_Advanced - INFO - [unreal_mcp_server_advanced.py:380] - Command add_blueprint_node completed successfully
2026-02-12 02:44:36,832 - BlueprintGraph.NodeManager - ERROR - [node_manager.py:71] - Failed to add node: Unknown error
2026-02-12 02:44:36,832 - mcp.server.lowlevel.server - DEBUG - [server.py:572] - Response sent
2026-02-12 02:44:40,685 - mcp.server.lowlevel.server - DEBUG - [server.py:491] - Received message: <mcp.shared.session.RequestResponder object at 0x00000179E97AC8C0>
2026-02-12 02:44:40,685 - mcp.server.lowlevel.server - INFO - [server.py:534] - Processing request of type CallToolRequest
2026-02-12 02:44:40,685 - mcp.server.lowlevel.server - DEBUG - [server.py:537] - Dispatching request of type CallToolRequest
2026-02-12 02:44:40,685 - UnrealMCP_Advanced - INFO - [unreal_mcp_server_advanced.py:147] - Connecting to Unreal at 127.0.0.1:55557 (attempt 1/4)...
2026-02-12 02:44:40,711 - UnrealMCP_Advanced - INFO - [unreal_mcp_server_advanced.py:154] - Successfully connected to Unreal Engine
2026-02-12 02:44:40,711 - UnrealMCP_Advanced - INFO - [unreal_mcp_server_advanced.py:362] - Sending command (attempt 1): connect_nodes
2026-02-12 02:44:40,711 - UnrealMCP_Advanced - DEBUG - [unreal_mcp_server_advanced.py:363] - Command payload: {"type": "connect_nodes", "params": {"blueprint_name": "/Game/Blueprints/MCP/BP_MCP_Enemy02", "source_node_id": "00000000000000000000000000000000", "source_pin_name": "then", "target_node_id": "K2Node_CallFunction_3", "target_pin_name": "execute"}}...
2026-02-12 02:44:40,875 - UnrealMCP_Advanced - INFO - [unreal_mcp_server_advanced.py:264] - Received complete response (278 bytes) for connect_nodes
2026-02-12 02:44:40,875 - UnrealMCP_Advanced - INFO - [unreal_mcp_server_advanced.py:380] - Command connect_nodes completed successfully
2026-02-12 02:44:40,875 - BlueprintGraph.ConnectorManager - ERROR - [connector_manager.py:74] - Failed to connect nodes: Unknown error
2026-02-12 02:44:40,875 - mcp.server.lowlevel.server - DEBUG - [server.py:572] - Response sent
2026-02-12 02:44:44,276 - mcp.server.lowlevel.server - DEBUG - [server.py:491] - Received message: <mcp.shared.session.RequestResponder object at 0x00000179E97AC560>
2026-02-12 02:44:44,276 - mcp.server.lowlevel.server - INFO - [server.py:534] - Processing request of type CallToolRequest
2026-02-12 02:44:44,276 - mcp.server.lowlevel.server - DEBUG - [server.py:537] - Dispatching request of type CallToolRequest
2026-02-12 02:44:44,276 - UnrealMCP_Advanced - INFO - [unreal_mcp_server_advanced.py:147] - Connecting to Unreal at 127.0.0.1:55557 (attempt 1/4)...
2026-02-12 02:44:44,276 - UnrealMCP_Advanced - INFO - [unreal_mcp_server_advanced.py:154] - Successfully connected to Unreal Engine
2026-02-12 02:44:44,276 - UnrealMCP_Advanced - INFO - [unreal_mcp_server_advanced.py:362] - Sending command (attempt 1): connect_nodes
2026-02-12 02:44:44,276 - UnrealMCP_Advanced - DEBUG - [unreal_mcp_server_advanced.py:363] - Command payload: {"type": "connect_nodes", "params": {"blueprint_name": "/Game/Blueprints/MCP/BP_MCP_Enemy02", "source_node_id": "K2Node_CallFunction_3", "source_pin_name": "Completed", "target_node_id": "K2Node_VariableSet_4", "target_pin_name": "execute"}}...
2026-02-12 02:44:44,500 - UnrealMCP_Advanced - INFO - [unreal_mcp_server_advanced.py:264] - Received complete response (52 bytes) for connect_nodes
2026-02-12 02:44:44,500 - UnrealMCP_Advanced - INFO - [unreal_mcp_server_advanced.py:380] - Command connect_nodes completed successfully
2026-02-12 02:44:44,500 - UnrealMCP_Advanced - WARNING - [unreal_mcp_server_advanced.py:385] - Unreal returned error: Pin not found
2026-02-12 02:44:44,500 - BlueprintGraph.ConnectorManager - ERROR - [connector_manager.py:74] - Failed to connect nodes: Pin not found
2026-02-12 02:44:44,500 - mcp.server.lowlevel.server - DEBUG - [server.py:572] - Response sent
2026-02-12 02:44:47,379 - mcp.server.lowlevel.server - DEBUG - [server.py:491] - Received message: <mcp.shared.session.RequestResponder object at 0x00000179E95F3E30>
2026-02-12 02:44:47,379 - mcp.server.lowlevel.server - INFO - [server.py:534] - Processing request of type CallToolRequest
2026-02-12 02:44:47,379 - mcp.server.lowlevel.server - DEBUG - [server.py:537] - Dispatching request of type CallToolRequest
2026-02-12 02:44:47,379 - UnrealMCP_Advanced - INFO - [unreal_mcp_server_advanced.py:734] - Analyzing Blueprint graph: /Game/Blueprints/MCP/BP_MCP_Enemy02 -> EventGraph
2026-02-12 02:44:47,379 - UnrealMCP_Advanced - INFO - [unreal_mcp_server_advanced.py:147] - Connecting to Unreal at 127.0.0.1:55557 (attempt 1/4)...
2026-02-12 02:44:47,399 - UnrealMCP_Advanced - INFO - [unreal_mcp_server_advanced.py:154] - Successfully connected to Unreal Engine
2026-02-12 02:44:47,399 - UnrealMCP_Advanced - INFO - [unreal_mcp_server_advanced.py:362] - Sending command (attempt 1): analyze_blueprint_graph
2026-02-12 02:44:47,399 - UnrealMCP_Advanced - DEBUG - [unreal_mcp_server_advanced.py:363] - Command payload: {"type": "analyze_blueprint_graph", "params": {"blueprint_path": "/Game/Blueprints/MCP/BP_MCP_Enemy02", "graph_name": "EventGraph", "include_node_details": true, "include_pin_connections": true, "trace_execution_flow": true}}...
2026-02-12 02:44:47,501 - UnrealMCP_Advanced - INFO - [unreal_mcp_server_advanced.py:264] - Received complete response (3312 bytes) for analyze_blueprint_graph
2026-02-12 02:44:47,501 - UnrealMCP_Advanced - INFO - [unreal_mcp_server_advanced.py:380] - Command analyze_blueprint_graph completed successfully
2026-02-12 02:44:47,501 - mcp.server.lowlevel.server - DEBUG - [server.py:572] - Response sent
2026-02-12 02:44:51,125 - mcp.server.lowlevel.server - DEBUG - [server.py:491] - Received message: <mcp.shared.session.RequestResponder object at 0x00000179E97AC0E0>
2026-02-12 02:44:51,125 - mcp.server.lowlevel.server - INFO - [server.py:534] - Processing request of type CallToolRequest
2026-02-12 02:44:51,125 - mcp.server.lowlevel.server - DEBUG - [server.py:537] - Dispatching request of type CallToolRequest
2026-02-12 02:44:51,125 - UnrealMCP_Advanced - INFO - [unreal_mcp_server_advanced.py:147] - Connecting to Unreal at 127.0.0.1:55557 (attempt 1/4)...
2026-02-12 02:44:51,147 - UnrealMCP_Advanced - INFO - [unreal_mcp_server_advanced.py:154] - Successfully connected to Unreal Engine
2026-02-12 02:44:51,147 - UnrealMCP_Advanced - INFO - [unreal_mcp_server_advanced.py:362] - Sending command (attempt 1): connect_nodes
2026-02-12 02:44:51,147 - UnrealMCP_Advanced - DEBUG - [unreal_mcp_server_advanced.py:363] - Command payload: {"type": "connect_nodes", "params": {"blueprint_name": "/Game/Blueprints/MCP/BP_MCP_Enemy02", "source_node_id": "K2Node_CallFunction_3", "source_pin_name": "then", "target_node_id": "K2Node_VariableSet_4", "target_pin_name": "execute"}}...
2026-02-12 02:44:51,544 - UnrealMCP_Advanced - INFO - [unreal_mcp_server_advanced.py:264] - Received complete response (266 bytes) for connect_nodes
2026-02-12 02:44:51,544 - UnrealMCP_Advanced - INFO - [unreal_mcp_server_advanced.py:380] - Command connect_nodes completed successfully
2026-02-12 02:44:51,544 - BlueprintGraph.ConnectorManager - ERROR - [connector_manager.py:74] - Failed to connect nodes: Unknown error
2026-02-12 02:44:51,545 - mcp.server.lowlevel.server - DEBUG - [server.py:572] - Response sent
2026-02-12 02:44:54,803 - mcp.server.lowlevel.server - DEBUG - [server.py:491] - Received message: <mcp.shared.session.RequestResponder object at 0x00000179E97AC8C0>
2026-02-12 02:44:54,804 - mcp.server.lowlevel.server - INFO - [server.py:534] - Processing request of type CallToolRequest
2026-02-12 02:44:54,804 - mcp.server.lowlevel.server - DEBUG - [server.py:537] - Dispatching request of type CallToolRequest
2026-02-12 02:44:54,804 - UnrealMCP_Advanced - INFO - [unreal_mcp_server_advanced.py:147] - Connecting to Unreal at 127.0.0.1:55557 (attempt 1/4)...
2026-02-12 02:44:54,821 - UnrealMCP_Advanced - INFO - [unreal_mcp_server_advanced.py:154] - Successfully connected to Unreal Engine
2026-02-12 02:44:54,822 - UnrealMCP_Advanced - INFO - [unreal_mcp_server_advanced.py:362] - Sending command (attempt 1): connect_nodes
2026-02-12 02:44:54,822 - UnrealMCP_Advanced - DEBUG - [unreal_mcp_server_advanced.py:363] - Command payload: {"type": "connect_nodes", "params": {"blueprint_name": "/Game/Blueprints/MCP/BP_MCP_Enemy02", "source_node_id": "K2Node_VariableGet_6", "source_pin_name": "CharacterMovement", "target_node_id": "K2Node_VariableSet_4", "target_pin_name": "self"}}...
2026-02-12 02:44:55,214 - UnrealMCP_Advanced - INFO - [unreal_mcp_server_advanced.py:264] - Received complete response (277 bytes) for connect_nodes
2026-02-12 02:44:55,214 - UnrealMCP_Advanced - INFO - [unreal_mcp_server_advanced.py:380] - Command connect_nodes completed successfully
2026-02-12 02:44:55,214 - BlueprintGraph.ConnectorManager - ERROR - [connector_manager.py:74] - Failed to connect nodes: Unknown error
2026-02-12 02:44:55,214 - mcp.server.lowlevel.server - DEBUG - [server.py:572] - Response sent
2026-02-12 02:45:00,297 - mcp.server.lowlevel.server - DEBUG - [server.py:491] - Received message: <mcp.shared.session.RequestResponder object at 0x00000179E95F3E30>
2026-02-12 02:45:00,297 - mcp.server.lowlevel.server - INFO - [server.py:534] - Processing request of type CallToolRequest
2026-02-12 02:45:00,297 - mcp.server.lowlevel.server - DEBUG - [server.py:537] - Dispatching request of type CallToolRequest
2026-02-12 02:45:00,297 - BlueprintGraph.NodeProperties - DEBUG - [node_properties.py:339] - Setting property 'Duration' on node 'K2Node_CallFunction_3' in /Game/Blueprints/MCP/BP_MCP_Enemy02
2026-02-12 02:45:00,297 - UnrealMCP_Advanced - INFO - [unreal_mcp_server_advanced.py:147] - Connecting to Unreal at 127.0.0.1:55557 (attempt 1/4)...
2026-02-12 02:45:00,308 - UnrealMCP_Advanced - INFO - [unreal_mcp_server_advanced.py:154] - Successfully connected to Unreal Engine
2026-02-12 02:45:00,308 - UnrealMCP_Advanced - INFO - [unreal_mcp_server_advanced.py:362] - Sending command (attempt 1): set_node_property
2026-02-12 02:45:00,308 - UnrealMCP_Advanced - DEBUG - [unreal_mcp_server_advanced.py:363] - Command payload: {"type": "set_node_property", "params": {"blueprint_name": "/Game/Blueprints/MCP/BP_MCP_Enemy02", "node_id": "K2Node_CallFunction_3", "property_name": "Duration", "property_value": 3.0}}...
2026-02-12 02:45:00,503 - UnrealMCP_Advanced - INFO - [unreal_mcp_server_advanced.py:264] - Received complete response (101 bytes) for set_node_property
2026-02-12 02:45:00,503 - UnrealMCP_Advanced - INFO - [unreal_mcp_server_advanced.py:380] - Command set_node_property completed successfully
2026-02-12 02:45:00,503 - BlueprintGraph.NodeProperties - ERROR - [node_properties.py:358] - Failed to modify node: Unknown error
2026-02-12 02:45:00,504 - mcp.server.lowlevel.server - DEBUG - [server.py:572] - Response sent
2026-02-12 02:45:04,641 - mcp.server.lowlevel.server - DEBUG - [server.py:491] - Received message: <mcp.shared.session.RequestResponder object at 0x00000179E97AC560>
2026-02-12 02:45:04,641 - mcp.server.lowlevel.server - INFO - [server.py:534] - Processing request of type CallToolRequest
2026-02-12 02:45:04,641 - mcp.server.lowlevel.server - DEBUG - [server.py:537] - Dispatching request of type CallToolRequest
2026-02-12 02:45:04,641 - BlueprintGraph.NodeProperties - DEBUG - [node_properties.py:339] - Setting property 'GravityScale' on node 'K2Node_VariableSet_4' in /Game/Blueprints/MCP/BP_MCP_Enemy02
2026-02-12 02:45:04,641 - UnrealMCP_Advanced - INFO - [unreal_mcp_server_advanced.py:147] - Connecting to Unreal at 127.0.0.1:55557 (attempt 1/4)...
2026-02-12 02:45:04,661 - UnrealMCP_Advanced - INFO - [unreal_mcp_server_advanced.py:154] - Successfully connected to Unreal Engine
2026-02-12 02:45:04,662 - UnrealMCP_Advanced - INFO - [unreal_mcp_server_advanced.py:362] - Sending command (attempt 1): set_node_property
2026-02-12 02:45:04,662 - UnrealMCP_Advanced - DEBUG - [unreal_mcp_server_advanced.py:363] - Command payload: {"type": "set_node_property", "params": {"blueprint_name": "/Game/Blueprints/MCP/BP_MCP_Enemy02", "node_id": "K2Node_VariableSet_4", "property_name": "GravityScale", "property_value": 10.0}}...
2026-02-12 02:45:04,837 - UnrealMCP_Advanced - INFO - [unreal_mcp_server_advanced.py:264] - Received complete response (126 bytes) for set_node_property
2026-02-12 02:45:04,838 - UnrealMCP_Advanced - INFO - [unreal_mcp_server_advanced.py:380] - Command set_node_property completed successfully
2026-02-12 02:45:04,838 - UnrealMCP_Advanced - WARNING - [unreal_mcp_server_advanced.py:385] - Unreal returned error: Failed to set property 'GravityScale' on node (property not supported or invalid value)
2026-02-12 02:45:04,838 - BlueprintGraph.NodeProperties - ERROR - [node_properties.py:358] - Failed to modify node: Failed to set property 'GravityScale' on node (property not supported or invalid value)
2026-02-12 02:45:04,838 - mcp.server.lowlevel.server - DEBUG - [server.py:572] - Response sent
2026-02-12 02:45:09,463 - mcp.server.lowlevel.server - DEBUG - [server.py:491] - Received message: <mcp.shared.session.RequestResponder object at 0x00000179E97AC0E0>
2026-02-12 02:45:09,463 - mcp.server.lowlevel.server - INFO - [server.py:534] - Processing request of type CallToolRequest
2026-02-12 02:45:09,463 - mcp.server.lowlevel.server - DEBUG - [server.py:537] - Dispatching request of type CallToolRequest
2026-02-12 02:45:09,463 - UnrealMCP_Advanced - INFO - [unreal_mcp_server_advanced.py:147] - Connecting to Unreal at 127.0.0.1:55557 (attempt 1/4)...
2026-02-12 02:45:09,485 - UnrealMCP_Advanced - INFO - [unreal_mcp_server_advanced.py:154] - Successfully connected to Unreal Engine
2026-02-12 02:45:09,485 - UnrealMCP_Advanced - INFO - [unreal_mcp_server_advanced.py:362] - Sending command (attempt 1): compile_blueprint
2026-02-12 02:45:09,485 - UnrealMCP_Advanced - DEBUG - [unreal_mcp_server_advanced.py:363] - Command payload: {"type": "compile_blueprint", "params": {"blueprint_name": "/Game/Blueprints/MCP/BP_MCP_Enemy02"}}...
2026-02-12 02:45:09,883 - UnrealMCP_Advanced - INFO - [unreal_mcp_server_advanced.py:264] - Received complete response (117 bytes) for compile_blueprint
2026-02-12 02:45:09,883 - UnrealMCP_Advanced - INFO - [unreal_mcp_server_advanced.py:380] - Command compile_blueprint completed successfully
2026-02-12 02:45:09,884 - mcp.server.lowlevel.server - DEBUG - [server.py:572] - Response sent
2026-02-12 02:47:57,579 - mcp.server.lowlevel.server - DEBUG - [server.py:491] - Received message: <mcp.shared.session.RequestResponder object at 0x00000179E95F3E30>
2026-02-12 02:47:57,579 - mcp.server.lowlevel.server - INFO - [server.py:534] - Processing request of type CallToolRequest
2026-02-12 02:47:57,579 - mcp.server.lowlevel.server - DEBUG - [server.py:537] - Dispatching request of type CallToolRequest
2026-02-12 02:47:57,579 - UnrealMCP_Advanced - INFO - [unreal_mcp_server_advanced.py:679] - Reading Blueprint content for: /Game/Blueprints/MCP/BP_MCP_Enemy02
2026-02-12 02:47:57,579 - UnrealMCP_Advanced - INFO - [unreal_mcp_server_advanced.py:147] - Connecting to Unreal at 127.0.0.1:55557 (attempt 1/4)...
2026-02-12 02:47:57,595 - UnrealMCP_Advanced - INFO - [unreal_mcp_server_advanced.py:154] - Successfully connected to Unreal Engine
2026-02-12 02:47:57,595 - UnrealMCP_Advanced - INFO - [unreal_mcp_server_advanced.py:362] - Sending command (attempt 1): read_blueprint_content
2026-02-12 02:47:57,595 - UnrealMCP_Advanced - DEBUG - [unreal_mcp_server_advanced.py:363] - Command payload: {"type": "read_blueprint_content", "params": {"blueprint_path": "/Game/Blueprints/MCP/BP_MCP_Enemy02", "include_event_graph": true, "include_functions": true, "include_variables": true, "include_components": true, "include_interfaces": true}}...
2026-02-12 02:47:57,828 - UnrealMCP_Advanced - INFO - [unreal_mcp_server_advanced.py:264] - Received complete response (483 bytes) for read_blueprint_content
2026-02-12 02:47:57,828 - UnrealMCP_Advanced - INFO - [unreal_mcp_server_advanced.py:380] - Command read_blueprint_content completed successfully
2026-02-12 02:47:57,828 - mcp.server.lowlevel.server - DEBUG - [server.py:572] - Response sent
2026-02-12 02:48:04,928 - mcp.server.lowlevel.server - DEBUG - [server.py:491] - Received message: <mcp.shared.session.RequestResponder object at 0x00000179E97AC8C0>
2026-02-12 02:48:04,928 - mcp.server.lowlevel.server - INFO - [server.py:534] - Processing request of type CallToolRequest
2026-02-12 02:48:04,928 - mcp.server.lowlevel.server - DEBUG - [server.py:537] - Dispatching request of type CallToolRequest
2026-02-12 02:48:04,928 - UnrealMCP_Advanced - INFO - [unreal_mcp_server_advanced.py:147] - Connecting to Unreal at 127.0.0.1:55557 (attempt 1/4)...
2026-02-12 02:48:04,948 - UnrealMCP_Advanced - INFO - [unreal_mcp_server_advanced.py:154] - Successfully connected to Unreal Engine
2026-02-12 02:48:04,948 - UnrealMCP_Advanced - INFO - [unreal_mcp_server_advanced.py:362] - Sending command (attempt 1): create_variable
2026-02-12 02:48:04,948 - UnrealMCP_Advanced - DEBUG - [unreal_mcp_server_advanced.py:363] - Command payload: {"type": "create_variable", "params": {"blueprint_name": "/Game/Blueprints/MCP/BP_MCP_Enemy02", "variable_name": "DelayGravity", "variable_type": "float", "default_value": 1.0, "is_public": true, "tooltip": "Gravity scale to apply after delay"}}...
2026-02-12 02:48:05,243 - UnrealMCP_Advanced - INFO - [unreal_mcp_server_advanced.py:264] - Received complete response (190 bytes) for create_variable
2026-02-12 02:48:05,243 - UnrealMCP_Advanced - INFO - [unreal_mcp_server_advanced.py:380] - Command create_variable completed successfully
2026-02-12 02:48:05,243 - BlueprintGraph.VariableManager - ERROR - [variable_manager.py:79] - Failed to create variable: Unknown error
2026-02-12 02:48:05,244 - mcp.server.lowlevel.server - DEBUG - [server.py:572] - Response sent
2026-02-12 02:48:09,109 - mcp.server.lowlevel.server - DEBUG - [server.py:491] - Received message: <mcp.shared.session.RequestResponder object at 0x00000179E97AC560>
2026-02-12 02:48:09,109 - mcp.server.lowlevel.server - INFO - [server.py:534] - Processing request of type CallToolRequest
2026-02-12 02:48:09,109 - mcp.server.lowlevel.server - DEBUG - [server.py:537] - Dispatching request of type CallToolRequest
2026-02-12 02:48:09,109 - UnrealMCP_Advanced - INFO - [unreal_mcp_server_advanced.py:147] - Connecting to Unreal at 127.0.0.1:55557 (attempt 1/4)...
2026-02-12 02:48:09,131 - UnrealMCP_Advanced - INFO - [unreal_mcp_server_advanced.py:154] - Successfully connected to Unreal Engine
2026-02-12 02:48:09,131 - UnrealMCP_Advanced - INFO - [unreal_mcp_server_advanced.py:362] - Sending command (attempt 1): add_event_node
2026-02-12 02:48:09,131 - UnrealMCP_Advanced - DEBUG - [unreal_mcp_server_advanced.py:363] - Command payload: {"type": "add_event_node", "params": {"blueprint_name": "/Game/Blueprints/MCP/BP_MCP_Enemy02", "event_name": "ReceiveBeginPlay", "pos_x": -800.0, "pos_y": 0.0}}...
2026-02-12 02:48:09,171 - UnrealMCP_Advanced - INFO - [unreal_mcp_server_advanced.py:264] - Received complete response (186 bytes) for add_event_node
2026-02-12 02:48:09,171 - UnrealMCP_Advanced - INFO - [unreal_mcp_server_advanced.py:380] - Command add_event_node completed successfully
2026-02-12 02:48:09,171 - BlueprintGraph.EventManager - ERROR - [event_manager.py:79] - Failed to add event node: Unknown error
2026-02-12 02:48:09,172 - mcp.server.lowlevel.server - DEBUG - [server.py:572] - Response sent
2026-02-12 02:48:12,531 - mcp.server.lowlevel.server - DEBUG - [server.py:491] - Received message: <mcp.shared.session.RequestResponder object at 0x00000179E95F3E30>
2026-02-12 02:48:12,531 - mcp.server.lowlevel.server - INFO - [server.py:534] - Processing request of type CallToolRequest
2026-02-12 02:48:12,531 - mcp.server.lowlevel.server - DEBUG - [server.py:537] - Dispatching request of type CallToolRequest
2026-02-12 02:48:12,532 - UnrealMCP_Advanced - INFO - [unreal_mcp_server_advanced.py:147] - Connecting to Unreal at 127.0.0.1:55557 (attempt 1/4)...
2026-02-12 02:48:12,548 - UnrealMCP_Advanced - INFO - [unreal_mcp_server_advanced.py:154] - Successfully connected to Unreal Engine
2026-02-12 02:48:12,548 - UnrealMCP_Advanced - INFO - [unreal_mcp_server_advanced.py:362] - Sending command (attempt 1): add_blueprint_node
2026-02-12 02:48:12,548 - UnrealMCP_Advanced - DEBUG - [unreal_mcp_server_advanced.py:363] - Command payload: {"type": "add_blueprint_node", "params": {"blueprint_name": "/Game/Blueprints/MCP/BP_MCP_Enemy02", "node_type": "CallFunction", "node_params": {"pos_x": -500.0, "pos_y": 0.0, "event_type": "BeginPlay", "target_function": "Delay", "target_class": "KismetSystemLibrary"}}}...
2026-02-12 02:48:12,834 - UnrealMCP_Advanced - INFO - [unreal_mcp_server_advanced.py:264] - Received complete response (170 bytes) for add_blueprint_node
2026-02-12 02:48:12,834 - UnrealMCP_Advanced - INFO - [unreal_mcp_server_advanced.py:380] - Command add_blueprint_node completed successfully
2026-02-12 02:48:12,834 - BlueprintGraph.NodeManager - ERROR - [node_manager.py:71] - Failed to add node: Unknown error
2026-02-12 02:48:12,834 - mcp.server.lowlevel.server - DEBUG - [server.py:572] - Response sent
2026-02-12 02:48:15,688 - mcp.server.lowlevel.server - DEBUG - [server.py:491] - Received message: <mcp.shared.session.RequestResponder object at 0x00000179E97AC0E0>
2026-02-12 02:48:15,688 - mcp.server.lowlevel.server - INFO - [server.py:534] - Processing request of type CallToolRequest
2026-02-12 02:48:15,688 - mcp.server.lowlevel.server - DEBUG - [server.py:537] - Dispatching request of type CallToolRequest
2026-02-12 02:48:15,688 - UnrealMCP_Advanced - INFO - [unreal_mcp_server_advanced.py:147] - Connecting to Unreal at 127.0.0.1:55557 (attempt 1/4)...
2026-02-12 02:48:15,689 - UnrealMCP_Advanced - INFO - [unreal_mcp_server_advanced.py:154] - Successfully connected to Unreal Engine
2026-02-12 02:48:15,689 - UnrealMCP_Advanced - INFO - [unreal_mcp_server_advanced.py:362] - Sending command (attempt 1): add_blueprint_node
2026-02-12 02:48:15,689 - UnrealMCP_Advanced - DEBUG - [unreal_mcp_server_advanced.py:363] - Command payload: {"type": "add_blueprint_node", "params": {"blueprint_name": "/Game/Blueprints/MCP/BP_MCP_Enemy02", "node_type": "VariableGet", "node_params": {"pos_x": -100.0, "pos_y": 100.0, "event_type": "BeginPlay", "variable_name": "CharacterMovement"}}}...
2026-02-12 02:48:15,834 - UnrealMCP_Advanced - INFO - [unreal_mcp_server_advanced.py:264] - Received complete response (170 bytes) for add_blueprint_node
2026-02-12 02:48:15,834 - UnrealMCP_Advanced - INFO - [unreal_mcp_server_advanced.py:380] - Command add_blueprint_node completed successfully
2026-02-12 02:48:15,834 - BlueprintGraph.NodeManager - ERROR - [node_manager.py:71] - Failed to add node: Unknown error
2026-02-12 02:48:15,834 - mcp.server.lowlevel.server - DEBUG - [server.py:572] - Response sent
2026-02-12 02:48:18,558 - mcp.server.lowlevel.server - DEBUG - [server.py:491] - Received message: <mcp.shared.session.RequestResponder object at 0x00000179E97AC8C0>
2026-02-12 02:48:18,558 - mcp.server.lowlevel.server - INFO - [server.py:534] - Processing request of type CallToolRequest
2026-02-12 02:48:18,558 - mcp.server.lowlevel.server - DEBUG - [server.py:537] - Dispatching request of type CallToolRequest
2026-02-12 02:48:18,558 - UnrealMCP_Advanced - INFO - [unreal_mcp_server_advanced.py:147] - Connecting to Unreal at 127.0.0.1:55557 (attempt 1/4)...
2026-02-12 02:48:18,580 - UnrealMCP_Advanced - INFO - [unreal_mcp_server_advanced.py:154] - Successfully connected to Unreal Engine
2026-02-12 02:48:18,581 - UnrealMCP_Advanced - INFO - [unreal_mcp_server_advanced.py:362] - Sending command (attempt 1): add_blueprint_node
2026-02-12 02:48:18,581 - UnrealMCP_Advanced - DEBUG - [unreal_mcp_server_advanced.py:363] - Command payload: {"type": "add_blueprint_node", "params": {"blueprint_name": "/Game/Blueprints/MCP/BP_MCP_Enemy02", "node_type": "VariableGet", "node_params": {"pos_x": -100.0, "pos_y": 200.0, "event_type": "BeginPlay", "variable_name": "DelayGravity"}}}...
2026-02-12 02:48:18,835 - UnrealMCP_Advanced - INFO - [unreal_mcp_server_advanced.py:264] - Received complete response (170 bytes) for add_blueprint_node
2026-02-12 02:48:18,835 - UnrealMCP_Advanced - INFO - [unreal_mcp_server_advanced.py:380] - Command add_blueprint_node completed successfully
2026-02-12 02:48:18,835 - BlueprintGraph.NodeManager - ERROR - [node_manager.py:71] - Failed to add node: Unknown error
2026-02-12 02:48:18,836 - mcp.server.lowlevel.server - DEBUG - [server.py:572] - Response sent
2026-02-12 02:48:22,268 - mcp.server.lowlevel.server - DEBUG - [server.py:491] - Received message: <mcp.shared.session.RequestResponder object at 0x00000179E95F3E30>
2026-02-12 02:48:22,269 - mcp.server.lowlevel.server - INFO - [server.py:534] - Processing request of type CallToolRequest
2026-02-12 02:48:22,269 - mcp.server.lowlevel.server - DEBUG - [server.py:537] - Dispatching request of type CallToolRequest
2026-02-12 02:48:22,269 - UnrealMCP_Advanced - INFO - [unreal_mcp_server_advanced.py:147] - Connecting to Unreal at 127.0.0.1:55557 (attempt 1/4)...
2026-02-12 02:48:22,291 - UnrealMCP_Advanced - INFO - [unreal_mcp_server_advanced.py:154] - Successfully connected to Unreal Engine
2026-02-12 02:48:22,291 - UnrealMCP_Advanced - INFO - [unreal_mcp_server_advanced.py:362] - Sending command (attempt 1): add_blueprint_node
2026-02-12 02:48:22,291 - UnrealMCP_Advanced - DEBUG - [unreal_mcp_server_advanced.py:363] - Command payload: {"type": "add_blueprint_node", "params": {"blueprint_name": "/Game/Blueprints/MCP/BP_MCP_Enemy02", "node_type": "VariableSet", "node_params": {"pos_x": -100.0, "pos_y": 0.0, "event_type": "BeginPlay", "variable_name": "GravityScale", "target_class": "CharacterMovementComponent"}}}...
2026-02-12 02:48:22,502 - UnrealMCP_Advanced - INFO - [unreal_mcp_server_advanced.py:264] - Received complete response (168 bytes) for add_blueprint_node
2026-02-12 02:48:22,502 - UnrealMCP_Advanced - INFO - [unreal_mcp_server_advanced.py:380] - Command add_blueprint_node completed successfully
2026-02-12 02:48:22,502 - BlueprintGraph.NodeManager - ERROR - [node_manager.py:71] - Failed to add node: Unknown error
2026-02-12 02:48:22,502 - mcp.server.lowlevel.server - DEBUG - [server.py:572] - Response sent
2026-02-12 02:48:25,955 - mcp.server.lowlevel.server - DEBUG - [server.py:491] - Received message: <mcp.shared.session.RequestResponder object at 0x00000179E97AC560>
2026-02-12 02:48:25,955 - mcp.server.lowlevel.server - INFO - [server.py:534] - Processing request of type CallToolRequest
2026-02-12 02:48:25,955 - mcp.server.lowlevel.server - DEBUG - [server.py:537] - Dispatching request of type CallToolRequest
2026-02-12 02:48:25,955 - UnrealMCP_Advanced - INFO - [unreal_mcp_server_advanced.py:147] - Connecting to Unreal at 127.0.0.1:55557 (attempt 1/4)...
2026-02-12 02:48:25,965 - UnrealMCP_Advanced - INFO - [unreal_mcp_server_advanced.py:154] - Successfully connected to Unreal Engine
2026-02-12 02:48:25,965 - UnrealMCP_Advanced - INFO - [unreal_mcp_server_advanced.py:362] - Sending command (attempt 1): connect_nodes
2026-02-12 02:48:25,965 - UnrealMCP_Advanced - DEBUG - [unreal_mcp_server_advanced.py:363] - Command payload: {"type": "connect_nodes", "params": {"blueprint_name": "/Game/Blueprints/MCP/BP_MCP_Enemy02", "source_node_id": "00000000000000000000000000000000", "source_pin_name": "then", "target_node_id": "K2Node_CallFunction_4", "target_pin_name": "execute"}}...
2026-02-12 02:48:26,217 - UnrealMCP_Advanced - INFO - [unreal_mcp_server_advanced.py:264] - Received complete response (278 bytes) for connect_nodes
2026-02-12 02:48:26,217 - UnrealMCP_Advanced - INFO - [unreal_mcp_server_advanced.py:380] - Command connect_nodes completed successfully
2026-02-12 02:48:26,217 - BlueprintGraph.ConnectorManager - ERROR - [connector_manager.py:74] - Failed to connect nodes: Unknown error
2026-02-12 02:48:26,217 - mcp.server.lowlevel.server - DEBUG - [server.py:572] - Response sent
2026-02-12 02:48:30,404 - mcp.server.lowlevel.server - DEBUG - [server.py:491] - Received message: <mcp.shared.session.RequestResponder object at 0x00000179E97AC0E0>
2026-02-12 02:48:30,404 - mcp.server.lowlevel.server - INFO - [server.py:534] - Processing request of type CallToolRequest
2026-02-12 02:48:30,404 - mcp.server.lowlevel.server - DEBUG - [server.py:537] - Dispatching request of type CallToolRequest
2026-02-12 02:48:30,404 - UnrealMCP_Advanced - INFO - [unreal_mcp_server_advanced.py:147] - Connecting to Unreal at 127.0.0.1:55557 (attempt 1/4)...
2026-02-12 02:48:30,419 - UnrealMCP_Advanced - INFO - [unreal_mcp_server_advanced.py:154] - Successfully connected to Unreal Engine
2026-02-12 02:48:30,419 - UnrealMCP_Advanced - INFO - [unreal_mcp_server_advanced.py:362] - Sending command (attempt 1): connect_nodes
2026-02-12 02:48:30,419 - UnrealMCP_Advanced - DEBUG - [unreal_mcp_server_advanced.py:363] - Command payload: {"type": "connect_nodes", "params": {"blueprint_name": "/Game/Blueprints/MCP/BP_MCP_Enemy02", "source_node_id": "K2Node_CallFunction_4", "source_pin_name": "then", "target_node_id": "K2Node_VariableSet_5", "target_pin_name": "execute"}}...
2026-02-12 02:48:30,549 - UnrealMCP_Advanced - INFO - [unreal_mcp_server_advanced.py:264] - Received complete response (266 bytes) for connect_nodes
2026-02-12 02:48:30,549 - UnrealMCP_Advanced - INFO - [unreal_mcp_server_advanced.py:380] - Command connect_nodes completed successfully
2026-02-12 02:48:30,549 - BlueprintGraph.ConnectorManager - ERROR - [connector_manager.py:74] - Failed to connect nodes: Unknown error
2026-02-12 02:48:30,549 - mcp.server.lowlevel.server - DEBUG - [server.py:572] - Response sent
2026-02-12 02:48:34,290 - mcp.server.lowlevel.server - DEBUG - [server.py:491] - Received message: <mcp.shared.session.RequestResponder object at 0x00000179E95F3E30>
2026-02-12 02:48:34,290 - mcp.server.lowlevel.server - INFO - [server.py:534] - Processing request of type CallToolRequest
2026-02-12 02:48:34,290 - mcp.server.lowlevel.server - DEBUG - [server.py:537] - Dispatching request of type CallToolRequest
2026-02-12 02:48:34,290 - UnrealMCP_Advanced - INFO - [unreal_mcp_server_advanced.py:147] - Connecting to Unreal at 127.0.0.1:55557 (attempt 1/4)...
2026-02-12 02:48:34,308 - UnrealMCP_Advanced - INFO - [unreal_mcp_server_advanced.py:154] - Successfully connected to Unreal Engine
2026-02-12 02:48:34,308 - UnrealMCP_Advanced - INFO - [unreal_mcp_server_advanced.py:362] - Sending command (attempt 1): connect_nodes
2026-02-12 02:48:34,308 - UnrealMCP_Advanced - DEBUG - [unreal_mcp_server_advanced.py:363] - Command payload: {"type": "connect_nodes", "params": {"blueprint_name": "/Game/Blueprints/MCP/BP_MCP_Enemy02", "source_node_id": "K2Node_VariableGet_7", "source_pin_name": "CharacterMovement", "target_node_id": "K2Node_VariableSet_5", "target_pin_name": "self"}}...
2026-02-12 02:48:34,552 - UnrealMCP_Advanced - INFO - [unreal_mcp_server_advanced.py:264] - Received complete response (277 bytes) for connect_nodes
2026-02-12 02:48:34,552 - UnrealMCP_Advanced - INFO - [unreal_mcp_server_advanced.py:380] - Command connect_nodes completed successfully
2026-02-12 02:48:34,552 - BlueprintGraph.ConnectorManager - ERROR - [connector_manager.py:74] - Failed to connect nodes: Unknown error
2026-02-12 02:48:34,552 - mcp.server.lowlevel.server - DEBUG - [server.py:572] - Response sent
2026-02-12 02:48:38,784 - mcp.server.lowlevel.server - DEBUG - [server.py:491] - Received message: <mcp.shared.session.RequestResponder object at 0x00000179E97AC8C0>
2026-02-12 02:48:38,784 - mcp.server.lowlevel.server - INFO - [server.py:534] - Processing request of type CallToolRequest
2026-02-12 02:48:38,784 - mcp.server.lowlevel.server - DEBUG - [server.py:537] - Dispatching request of type CallToolRequest
2026-02-12 02:48:38,784 - UnrealMCP_Advanced - INFO - [unreal_mcp_server_advanced.py:147] - Connecting to Unreal at 127.0.0.1:55557 (attempt 1/4)...
2026-02-12 02:48:38,803 - UnrealMCP_Advanced - INFO - [unreal_mcp_server_advanced.py:154] - Successfully connected to Unreal Engine
2026-02-12 02:48:38,803 - UnrealMCP_Advanced - INFO - [unreal_mcp_server_advanced.py:362] - Sending command (attempt 1): connect_nodes
2026-02-12 02:48:38,803 - UnrealMCP_Advanced - DEBUG - [unreal_mcp_server_advanced.py:363] - Command payload: {"type": "connect_nodes", "params": {"blueprint_name": "/Game/Blueprints/MCP/BP_MCP_Enemy02", "source_node_id": "K2Node_VariableGet_8", "source_pin_name": "DelayGravity", "target_node_id": "K2Node_VariableSet_5", "target_pin_name": "GravityScale"}}...
2026-02-12 02:48:39,218 - UnrealMCP_Advanced - INFO - [unreal_mcp_server_advanced.py:264] - Received complete response (278 bytes) for connect_nodes
2026-02-12 02:48:39,218 - UnrealMCP_Advanced - INFO - [unreal_mcp_server_advanced.py:380] - Command connect_nodes completed successfully
2026-02-12 02:48:39,218 - BlueprintGraph.ConnectorManager - ERROR - [connector_manager.py:74] - Failed to connect nodes: Unknown error
2026-02-12 02:48:39,219 - mcp.server.lowlevel.server - DEBUG - [server.py:572] - Response sent
2026-02-12 02:48:43,674 - mcp.server.lowlevel.server - DEBUG - [server.py:491] - Received message: <mcp.shared.session.RequestResponder object at 0x00000179E97AC560>
2026-02-12 02:48:43,674 - mcp.server.lowlevel.server - INFO - [server.py:534] - Processing request of type CallToolRequest
2026-02-12 02:48:43,674 - mcp.server.lowlevel.server - DEBUG - [server.py:537] - Dispatching request of type CallToolRequest
2026-02-12 02:48:43,674 - BlueprintGraph.NodeProperties - DEBUG - [node_properties.py:339] - Setting property 'Duration' on node 'K2Node_CallFunction_4' in /Game/Blueprints/MCP/BP_MCP_Enemy02
2026-02-12 02:48:43,674 - UnrealMCP_Advanced - INFO - [unreal_mcp_server_advanced.py:147] - Connecting to Unreal at 127.0.0.1:55557 (attempt 1/4)...
2026-02-12 02:48:43,684 - UnrealMCP_Advanced - INFO - [unreal_mcp_server_advanced.py:154] - Successfully connected to Unreal Engine
2026-02-12 02:48:43,684 - UnrealMCP_Advanced - INFO - [unreal_mcp_server_advanced.py:362] - Sending command (attempt 1): set_node_property
2026-02-12 02:48:43,684 - UnrealMCP_Advanced - DEBUG - [unreal_mcp_server_advanced.py:363] - Command payload: {"type": "set_node_property", "params": {"blueprint_name": "/Game/Blueprints/MCP/BP_MCP_Enemy02", "node_id": "K2Node_CallFunction_4", "property_name": "Duration", "property_value": 3.0}}...
2026-02-12 02:48:43,840 - UnrealMCP_Advanced - INFO - [unreal_mcp_server_advanced.py:264] - Received complete response (101 bytes) for set_node_property
2026-02-12 02:48:43,840 - UnrealMCP_Advanced - INFO - [unreal_mcp_server_advanced.py:380] - Command set_node_property completed successfully
2026-02-12 02:48:43,840 - BlueprintGraph.NodeProperties - ERROR - [node_properties.py:358] - Failed to modify node: Unknown error
2026-02-12 02:48:43,840 - mcp.server.lowlevel.server - DEBUG - [server.py:572] - Response sent
2026-02-12 02:48:48,770 - mcp.server.lowlevel.server - DEBUG - [server.py:491] - Received message: <mcp.shared.session.RequestResponder object at 0x00000179E95F3E30>
2026-02-12 02:48:48,770 - mcp.server.lowlevel.server - INFO - [server.py:534] - Processing request of type CallToolRequest
2026-02-12 02:48:48,770 - mcp.server.lowlevel.server - DEBUG - [server.py:537] - Dispatching request of type CallToolRequest
2026-02-12 02:48:48,770 - UnrealMCP_Advanced - INFO - [unreal_mcp_server_advanced.py:147] - Connecting to Unreal at 127.0.0.1:55557 (attempt 1/4)...
2026-02-12 02:48:48,782 - UnrealMCP_Advanced - INFO - [unreal_mcp_server_advanced.py:154] - Successfully connected to Unreal Engine
2026-02-12 02:48:48,782 - UnrealMCP_Advanced - INFO - [unreal_mcp_server_advanced.py:362] - Sending command (attempt 1): compile_blueprint
2026-02-12 02:48:48,782 - UnrealMCP_Advanced - DEBUG - [unreal_mcp_server_advanced.py:363] - Command payload: {"type": "compile_blueprint", "params": {"blueprint_name": "/Game/Blueprints/MCP/BP_MCP_Enemy02"}}...
2026-02-12 02:48:49,219 - UnrealMCP_Advanced - INFO - [unreal_mcp_server_advanced.py:264] - Received complete response (117 bytes) for compile_blueprint
2026-02-12 02:48:49,219 - UnrealMCP_Advanced - INFO - [unreal_mcp_server_advanced.py:380] - Command compile_blueprint completed successfully
2026-02-12 02:48:49,219 - mcp.server.lowlevel.server - DEBUG - [server.py:572] - Response sent
